id,type,route,img,page,data,error_flag
1,page-number,0,1,124,124,
2,header,0,1,124,Libro Terzo.,
3,route-heading,1,1,124,Poste dalla Città di Roma per la Santissima Casa di Nostra Signora di Loreto.,
4,locations,1,1,124,Roma Città a prima porta a Castelnouo castel lo a Rignano Passarete il Tevere a Civita Castellana Città Passarete il Tevere a otricoli a Narni Città de Sa bini Passarete il Teuere a Terni Città a Strettura a Spoletto Città dell'Umbria al passo di Spolet¬ ro a Foligno Città a Varchino Passarete il Tiente,
6,locations,1,1,124,"più volte al piano di Digna¬ no a Serraualle al la Mutia Castel¬ lo a Valzimara a Tolentino Città a Macerata Città della Marca Passarete il Tiente fiume a Recanati Città a Loreto Città, oue è la Sāta Casa Au¬ reta.",
8,sum-distance,1,1,124,Poste 19*,
9,route-heading,2,1,124,Poste da Loreto à Bologna.,
10,locations,2,1,124,Loretto Città a Signigaglia Cit¬ tà Passarete il fiume metro a Fane Città a Pesaro Città del,
12,catch-word,2,1,124,Duca,
13,page-number,2,2,125,125,
14,header,2,2,125,Delle Poste.,
15,locations,2,2,125,"Duca d'Urbino alla Cattolica a Rimini Città di S. Chiesa Si passarano li fiumi Mareggia, & Osi. a Savignano si pas¬ sarà il fiume Savi gnano a Cesena Città a Forli Città Si passa l'Amor fiume a Faenza Città Passarete Ii Santer¬ no e'I Semo fiumi a Imola Città Passarete il Giava fiume a San Nicolò Passarate gl'Idice & Saverna fiumi a Bologna Città am plissima della Pro vincia de Boi.",
17,sum-distance,2,2,125,Poste 15,
18,route-heading,3,2,125,Poste da Roma à Bologna per Loreto.,
19,locations,3,2,125,"Da Roma à Lore¬ to, vedete il pri¬ mo Viaggio Da Loreto à Bolo gna questo, che è qui sopra",
21,sum-distance,3,2,125,Poste 33*,
22,locations,3,2,125,"Volendo passare per Ancona conviene che da Loreto vada alla Città di Osma, e poi à Ancona, che sono 3. picciole Poste. Si puo anche lasciare osma & andere à drit tura, che sono quinde¬ ci miglia in tutto. Volendo andare da Lo reto ad Ancona peril Sirolo per vedere il Santissimo Crocifisso, vi sono in tutto dieci¬ otto miglia.",
23,catch-word,3,2,125,Poste,
24,page-number,3,3,126,Libro Terzo 126,
25,route-heading,4,3,126,Poste da Loreto à Perugia per Assisi.,
26,locations,4,3,126,"Loretto Città A Recanati Si passa il Tronte a Macerata Città a Tolentino Città a Valzimara Alla muzza a Serravalle alle Case nuove a Folini Città dell¬ Umbria a Sissi Città ove è il deposito del Sera¬ sico S. Frācesco Dilà due miglia S. Maria de gl'Ange¬ li, e poi si passa il Tevere a Perugia Città, e Studio nell'Um¬ Bria.",
28,sum-distance,4,3,126,p.9*,correct as is
29,route-heading,5,3,126,Poste da Roma à Genova.,
30,locations,5,3,126,"Roma Città alla storta a Baccano a Monterosio a Ronciglione Ca¬ stello a Viterbo Città a Monte Fiascone Città a Bolsena Città a Acqua pendente Città Passarete la paglia a Ponte cētino, pas¬ farete un fiumicel¬ lo, e guardate a Radicoffani Castel lo altissimo. alla scala Passarete l'orca fiu¬ me à Tornieri à Lucignano Passarete l'Arbia",
32,catch-word,5,3,126,fiume,
33,page-numberpage-number,5,4,127,127,
34,header,5,4,127,Delle Poste.,
35,locations,5,4,127,"fiumè. a Siena Città a Staggia alle Tavernelle a San Cassiano a Firenze Città bel¬ lissima all' Altra a Pontormo alla fornacetta a Cassinà a Pisa Città & Sui¬ dio Si passa l'Arno alla Torre a Viareggio, se il tē po è buono potres¬ te imbarcarvi per Genova, se nò se¬ guirete a Pietra santa Pro¬ vincia de Focēti. p.I a Massa Principa¬ to Passate la Versiglia fiume",
37,locations,5,4,127,"alla Venza a Sarazana Città Passarete la macra a Lerici, se il tem¬ po è buono imbar¬ catevi ꝑ Genoua a San Rimedio al Borghetto a Martorano a Braco a Sestri S'il tempo è buono imbarcatevi a Chiavari a Repallo a Recco a Bogliasco Passarete il Besagno fiume a Genoua Città",
39,sum-distance,5,4,127,Poste 40.,
40,page-number,5,5,128,128,
41,header,5,5,128,Libro Terzo.,
42,route-heading,6,5,128,Poste da Genova à Lione.,
43,locations,6,5,128,Genova Città della Liguria a Pietra lavezara a Otaggio a Gauio Castello a Basaluzo stato di Milano ad Alessandria Cit¬ tà oue è un bel Pō te a Felizano a Aste Cittâ del Pie monte a S. Michele P.I alle Gambette p.1 a Poerino a Trufarello Passarete il Po fiume. a Turino Cittâ me¬ tropoli del Piemō te a Rivole castello a S.Ambrosio,
45,locations,6,5,128,"a S. Giorgi a Sussa Cittâ, ove si pagano li datii Cominciate à salire l'Alpe, & passare¬ te la Doira fiume alla Noualesa alle Tauernette La sudetta Posta e sopra'l monte Sa¬ nese, & molti si fa no portare, al sali¬ re, & calare, si ue¬ de sopra un lago copioso di Trote a Lineborgo, oue passa l'Auo flume Si parlarà à lega, & ogni due sono una posta a Ocei a S. Andrea a San Michele Si passa l'Avo anco ra a San Gio. di Moria",
47,catch,6,5,128,na,
48,page-number,6,6,129,129,
49,header,6,6,129,Delle Posta.,
50,prose-gloss,6,6,129,"na Città alla Ciambra a Argentina alla Sciapella a Bronovo. a Momigliano Ca¬ stello, ove si passa l'Isel fiume a Ciaberi Città me tropoli della Savo ia Ascenderete & di¬ scenderete li Mōnti detti la Gabeletta & molti si fanno portare giù Vedrete un lago di questo nome, qual sboca in un Bosco di Buso folto. al Ponte buon vici¬ no primo luogo di Francia, ove con- uiene notificare le cose di Datio, e pi gliare la boletta, &",
52,locations,6,6,129,"pagare poi à Lio¬ ne a Ugart alla Torre du Pin alla Torre du Pin a Borgo Castello alla Volpegliera a San Lorenzo a Brun a Lione Cittâ bel¬ lissima, oue passa¬ no li Rodano, & Sõna fiumi nauiga¬ bili sino à Marsi¬ glia",
53,sum-distance,6,6,129,Poste 40,
55,route-heading,7,6,129,Poste da Lione à Ma¬ drid.,
56,locations,7,6,129,"Lione Città a Crusi a San Martin a San Flor, ove co¬ mincia l'Alvernia alta Passarete l'Aler fiu¬ me",
58,catch,7,6,129,I a San¬,
59,page-numberpage-number,7,7,130,130,
60,header,7,7,130,Libro Primo.,
61,locations,7,7,130,a Santa Lucia a Hospital al Lappo a Tier Si passa il Dorule. a Loson Si passa L'Aver fiume a Claramont Città Si passa il Bedart a Pongibar a Spontour a Oscei a Felatin a Pompes a Souiach a Limoges Cittâ o¬ ue passa il Vienna fiume a Soualù a San Perdon a Seruli a Ochialar a San priuat a Ochialaor a Cotras a Liborne Città,
63,locations,7,7,130,"cantile, ove passa il Bardone Si potrà imbarcare se non ha la crescē te, & andare a San perdone, ma cre¬ scendo andate per Terra alla mona a Bordeo Citta alla ripa del fiume Ga rone copioso di sal moni pesci al la staula Cominciano quà le langhe di Bordeo copiose di prati, acque, e sabie, con alcuni boschi de Pini, fino a Baiona a Urbea a Belin a Clamuret alla posta a Boere a Gianchile",
65,catch-word,7,7,130,alla,
66,page-numberpage-number,7,8,131,131,
67,header,7,8,131,Delle Posta.,
68,locations,7,8,131,"alla laria all'esperon a Castel a Mayes a San Vincente a Boere a Casetta a Londres Si passa l'adur fiume a Baiona Citta del¬ la Guascogna, fin dove vengono li vascelli di mare ꝑ il fiume Dour, e si passa sopra il Pon te a Vidardt a San Gio. de lus a Orogna Vicino à Yrun si pas sa sopra barca il fiu me Mino, che divi de la Francia dal¬ la Spagna copioso di Salmoni a Yrun, vicino à que",
70,locations,7,8,131,"sta Villa è forte Rabia prima frōte ra di Spagna a Oiarzun Si passa un fiume a Urgnetta Si passa un fiume a Tolosetta di Spa¬ gna Città, ove si fa bricano buone spa de a Villafranca a Segami Si ascende la mon¬ tagna di S. Adria¬ no sforata & poi si calla a Gallaretta a Iudicam a Vittoria, ove fi pa gano li datij alla Puebla a Mirādad Hebro a Meiugo a Zugneda a Briniesca, ove si mostrano le Boler",
72,catch,7,8,131,I 2 te,
73,page-number,7,9,132,132,
74,header,7,9,132,Libro Terzo.,
75,locations,7,9,132,"te. a Castel de Péones a Quintanapaglia à Burgos Citta ove passa il fiume Be¬ sanzone, & procu¬ rarete di visitare il santissimo Cro¬ cifisso a Sarazin a Madrigalejo a Lerma a Baambo Di quì si può anda¬ re a Ventosiglia luogo di piaceri, che vi sono due poste a Aranda de due¬ ro a Onrubia a Fresnil lo à Castiglieso Salirete la monta¬ gna sino à Sommo siera",
77,locations,7,9,132,a Buitrago a Cavaniglia a Sant'Agostino a Madrid Corte del la Maestà del po¬ tentissimo Rè Cat tolico,
79,sum-distance,7,9,132,Poste 112*,
80,route-heading,8,9,132,Poste da Roma à Madrid per la via più breve & ordinaria delle Poste.,
81,locations,8,9,132,"Conviene comin¬ ciare da questo scritto quà di so¬ pra da Roma a Genoua il terzo andare à dietro Pigliate poi il se¬ guente al sudet¬ to, che trovarete che sono di Ge¬ nova a Lione Poi trouarete un'¬",
83,catch,8,9,132,al-,
84,header,8,10,133,Delle Poste.,
85,locations,8,10,133,"altro, che dice da Lione a Madrid, che è questo più vicino quà diso¬ pra, che sono",
87,sum-distance,8,10,133,Poste 192*,
88,route-heading,9,10,133,Poste da Milano à Ma¬ drid per il più fre¬ quente camino.,
89,locations,9,10,133,"Milano Città dell'¬ Insubria alla Rosa a Bofalona Passarete il Tici¬ no a Novara Città a Vercelli Città, o¬ ve passa la Sesia fiu me a San Germano Passareto la Doira & poi la Bastia fiu mi",
91,locations,9,10,133,"a Cigliano a Chivasso Città pas sarete gl'orco & li Melon fiumi a Settimo Passarete la Stura, e poi la Doira fiu¬ mi a Turino Città a Rivole Castel¬ lo a Santo Ambro¬ sio a San Giorgi a Sussa Città, ove si pagano li Datij Qui principiano l'Alpi monti alla Novalesa alle Tavernette Questa è sopra il mō te Sanese, sopta il quale il più, si fan portare, & vi e un lago copioso Tro te.",
93,page-number,9,11,134,134,
94,header,9,11,134,Libro Terzo,
95,locations,9,11,134,"a Lineborgo Si passa l'Arco fiume & di quì auanti si parla à leghe, che ogni due sono una Posta a Ocei a S. Andrea a S. Michele a S. Gio. di Moriana Città alla Ciambra a Argentina alla Sciapella a Bronovo. a Momigliano, ove passa l'Isel fiume a Ciamberi Città di Savoia Ascenderete & di¬ scenderete li Mōti detti la Gabeletta & molti si fanno portare alla Gabelletta al Ponte buon vici¬",
97,locations,9,11,134,"no primo luogo di Francia, ove si not tificano le cose di Datio a Ugart alla Torre du Pin a Borgo Castello alla Volpagliera a San Lorenzo a Brun a Lione Città bel¬ lissima, ove passa¬ no li Rodano, & Sōna fiumi naviga¬ bili.",
99,sum-distance,9,11,134,Poste 37*,
100,Prose-Gloss,9,11,134,"Da Lione à Madrid havete quà di so¬ pra da quello, che dice da Roma à Madrid che sono",
102,sum-distance,9,11,134,Poste 150,
103,catch,9,11,134,Poste,
104,page-number,9,12,135,135,
105,header,9,12,135,Delle Poste.,
106,route-heading,10,12,135,Poste da Milano à Turino.,
107,locations,10,12,135,"Pigliate il sudetto primo viaggio, che dice da Mila¬ no a Madrid che troverete",
109,route-heading,11,12,135,Poste da Milano a Lione di Francia.,
110,locations,11,12,135,"Milano Città Guardate il penul¬ timo viaggio quà vicino di sopra, che trovarete es¬ sere",
112,route-heading,12,12,135,Poste da Milano à Ge¬ nova.,
113,locations,12,12,135,"Milano Città a Binasco a Pauia Città, ove passarete il Tici¬ no",
115,locations,12,12,135,"Passarete li Gravelo ne & Pò alla Bastia a Voghera a Tortona Città alla Bettola a Serravalle Castel¬ lo a Ottaggio a Pietra Lavezara a Genova Città, & Porto.",
117,sum-distance,12,12,135,Poste 11*,
118,route-heading,13,12,135,"Poste da Genova ad Anti¬ bo, e Lione per Avi¬ gnone.",
119,locations,13,12,135,"Genova Città a Saona Cittâ a Finale Castello a Monaco Castello a Nizza Città, ad Antibo a Caneve a Freius",
121,catch,13,12,135,à Me-,
122,page-number,13,13,136,136,
123,header,13,13,136,Libro Terzo.,
124,locations,13,13,136,"a Mone a Vitombano a Luco a Brugnuola, vicino una lega vi è San Mastimino a Persivirs a Aix a San Canar a Mallamort a Dorgan a Nouers a Villanova vicina a Avegnone Città passa il Rosne fiu¬ me a San Geniers a Bagnolz a San Spirito a Piera lata a Malaux a Montelimard alla loucerda all'oriolo alla palasta alla lenza Città",
126,locations,13,13,136,a Lisera a fino a San valle a San Lambert al Piaggio a Vienna Città a San Saforin a Lione Città,
128,sum-distance,13,13,136,Poste 55,
129,route-heading,14,13,136,"Poste da Milano à Ma¬ drid por Genova An¬ tibo, e Lione.",
130,locations,14,13,136,"Pigliate il sopra¬ scritto, che sono da Genoua a Lio ne Più adietro vi è quello da Milano à Genova Poi pigliate quel¬ lo, che dice da Lione a Madrid",
132,sum-distance,14,13,136,Poste 179,
133,catch,14,13,136,Poste,
134,page-number,14,14,137,137,
135,header,14,14,137,Delle Poste,
136,route-heading,15,14,137,Poste da Roma à Napoli.,
137,locations,15,14,137,"Roma Città alla Torre à mezza via a Marino a Veletri a Cisterna, ove pas¬ sa il fiume Astura a Sarmoneta Princi pato alle case nove alla Badia a Fondi a Molla dietro la marina al Garigliano, ove per barca si passa il fiume di questo nome alli Bagni a Castel Castello Passarete il fiume voltor. a Patria",
139,locations,15,14,137,a Pozzuolo Castel¬ lo a Napoli Città & Porto.,
141,sum-distance,15,14,137,Poste 16,
142,route-heading,16,14,137,Poste da Napoli à Missi¬ na.,
143,locations,16,14,137,Napoli Città alla Torre del Gre¬ co a Barbazona Passarete il fiume Sali a Salerno Città alla Taverna pinta a Reuole alla Duchessa alla Goletta Castel¬ lo alla Salla al Casal novo Passarete il fiume molfe alla Rovere negra a Alpicia,
145,catch,16,14,137,a ca¬,
146,page-number,16,15,138,138,
147,header,16,15,138,Libro Terzo.,
148,locations,16,15,138,"a Castelluccia a Valsanmartino a Castro Villa al Esaro alla Regina Paffarete il fiume Bisonzo a Cosenzn Città a Capro sedo a Martorano a San Biagio al acqua dela fica a Montelione Città a San Pietro alla Rosa a Sant'Anna Passarete il Metau ro fiume a Fonego a Fiumara de mori Qui s'imbarca, & si passa il Farro, che è largo 8. miglia, & poi per terra al¬ tre sette fino à Mes sina Città, & por¬",
150,locations,16,15,138,to il più famoso de Italia,
152,sum-distance,16,15,138,poste 34,
153,route-heading,17,15,138,Poste da Messina à Pa¬ lermo.,
154,prose-gloss,17,15,138,"Da Messina a Palermo vi sono poste destina¬ te, come l'altre. Si pi¬ gliano in Messina le mulle à ciò destinate; si passano li monti Ra mari, Aerei, & Modo¬ ne, & convieneli Ca¬ striregali, Olmerio, Traine, Furiano, Sa¬ lus, & Termini fiumi, evi sono 180. miglia a¬ spre, pagandosi le mul le per 20. poste prez¬ zo accordato de molti anni adietro.",
156,catch,17,15,138,poste,
157,page-number,17,16,139,139,
158,header,17,16,139,Delle Poste.,
159,route-heading,18,16,139,Poste da Roma à Pa¬ lermo.,
160,locations,18,16,139,"Conuiene che co¬ minciate quà di¬ sopra vicino, che trouarete quello, che dice da Ro¬ ma à Napoli Poi pigliarete il seguente da Na¬ poli à Messina p.34 Roi pigliate il se¬ gaente qui sopra evicino, che di¬ ce da Messina à Palermo",
162,sum-distance,18,16,139,Poste 70,
163,route-heading,19,16,139,Poste da Napoli à Lecce di Puglia.,
164,locations,19,16,139,Napoli Città a Marigliano.,
166,locations,19,16,139,"al Cardenale a Auelino Cittâ p. 1 a Dente Cane a Porcantio a Acquauiua a Ascoli Cittâ p.2 Trauarsarete gl'Ap penini Monti alla casa del Con¬ te a Cirignola a Canossa, oue fini¬ scono li Monti Pi renei a Adria Ricao a Bitonto Cittâ p.2 a Caporto a Conuersano p.1 a Monopli Cirta, al la ripa del Mare Adriatrico a Fagliano ad Astone a Sant'Anna a Busueglia",
168,catch,19,16,139,a San,
169,page-number,19,17,140,140,
170,header,19,17,140,Libre Terzo.,
171,locations,19,17,140,"a San Pierro a Lecce Citrâ della la Puglia, altre volte Appuli. p.1",
173,sum-distance,19,17,140,Poste 34*,
174,locations,19,17,140,"Da Lecce à Otran- to vi sono 24. mi¬ glia, e si pagano per p.3 Da Napoli a Asco¬ li quà di sopra p. 11* Da Napoli a Meno poli quâ di sopra sono",
176,route-heading,19,17,140,"Poste da Roma à Napeli per valmontone, & sel¬ ua delli Aglieri.",type error
177,locations,19,17,140,Roma Città alla Torre di mezza via a Marino alla caua de gl'A¬ glieri,
179,locations,19,17,140,"a Valmontene a Castel matteo a Firentino a Tosci a Ceprano a Ponte corcio, oue si passa il Cariglia no fiume al Frate Villa al Carigliano a Bagni e Castel Castello passarete il fiume a Patria Città a Pozuolo a Napoli Città",
181,sum-distance,19,17,140,poste 19,
182,locations,19,17,140,Da Napoli a Patria p. 2,
183,route-heading,20,17,140,Poste da Roma all A¬ quila.,
184,locations,20,17,140,Roma Città alla Mentana a Nerulli,
186,catch,20,17,140,a Con¬,
187,page-number,20,18,141,141,
188,header,20,18,141,Delle Poste.,
189,locations,20,18,141,"a Contigliano a Ciuita ducata p.1* alla Rocca di Co¬ mo all Aquila Cittâ del Abruzo, altre Vol¬ te Preculi, ò Sani¬ ti.",
191,sum-distance,20,18,141,Poste 10*,
192,locations,20,18,141,"Poste da Roma à Ci uitâ ducata, quâ di sopra Poste da Roma à Hostia Porto di Mare",
194,route-heading,21,18,141,"Poste da Roma à Ciuita Vecchia, del Lario.",
195,locations,21,18,141,Roma Città a Sant'Antonio a Palò a S. Seuera a Ciuita vecchia,
197,sum-distance,21,18,141,Poste 5,
198,route-heading,22,18,141,Poste da Roma à Firenze per Val d'Arno.,
199,locations,22,18,141,"Roma Città alla Storta Passarete certi bo¬ schi e fiumicelli e poi atriuarete a Baccano a Monterosio p.1 Vscirete del stato di Santa Chiesa, & en trate in quello di Castro a Ronciglione Ritornate nel stato di S. Chiesa, e pas¬ sate il bosco a Viterbo Città a Monte Flascone Città alla Capratia a Oruiete Città- si sanno buohe cor de per leuti",
201,catch,22,18,141,a Pon-,
202,page-number,22,19,142,144,
203,header,22,19,142,Libro Terzo.,
204,locations,22,19,142,a Ponte carnaiolo p.1 a Castel dela piene p.1 a Castiglione del La to alle hortaglie a Castiglionartino al Bastardo. al ponte alle Vene a Fighino a Treghi a Fitenze Cittâ bek¬ lissinia,
206,sum-distance,22,19,142,poste 18,
207,locations,22,19,142,"Poste da Roma à Or nieto, guardate quà difopra, che trouarete che so¬ no Poste da Firenze a Oruieto, queste so¬ no quà di sopra. p. 10",
209,route-heading,23,19,142,Poste da Roma a Perugia,
210,locations,23,19,142,"Roma Città Passate il Teuere a Prima porta a Castel nuouo ca¬ stello a Rignano pasfate il Teuere a Ciuitâ. Castellana Città Passarete il Feuere a Otricoli a Narni Cittâ de Sa binr Passarete il Teuere. ancora a Terni Citta. a Stretura a Proti a Sant'Oratio a Sata Maria deg Angeli¬ a Perugia Cittâ, & Studio",
212,sum-distance,23,19,142,Poste 13,
213,catch,23,19,142,poste,
214,page-number,23,20,143,143,
215,header,23,20,143,Delle Poste,
216,route-heading,24,20,143,Poste da da Roma à San Francesco d' Assisi.,
217,locations,24,20,143,"Venite per le suder te poste sino à San¬ ta Maria de gl'An geli, che iui vicino a due miglia vi è Assisi Cittâ, oue fu deposto detto Glo rioso Santo. Poste da Roma à quâ disopra & so no",
219,route-heading,25,20,143,Foste da Roma à Fi¬ renzę.,
220,locations,25,20,143,"Roma Cittâ alla storta a Bacano a Monterosio a Ronciglione Ca¬ stello à Vitterbo Cittâ, o¬",
222,locations,25,20,143,"ue sono buone staf se, & speroni per li Corrieri, e cor¬ de da leuto a Montefiascone Cit¬ ta Bol sena città. Vedrete il lago & le Isole di Marta a Acqua pendente Citta Vscirete dal Stato di ;Santa Chiesa e passarete la Paglia fiume a Ponte centino Passarete due fiumi¬ celli, e poi salirete il monte a Radicosani Castel Jo Callarete la monra gna e poi passarete un fiumicello alla Scalla Passarete l'orcia sium e",
224,catch,25,20,143,aTor¬,
225,page-number,25,21,144,144,
226,header,25,21,144,Libre Terzo.,
227,locations,25,21,144,a Tornieri a Lucignano Passarete l'Arbia fiume a Sienna Città bel¬ lissima a Staggia alle Tauernelle a San Cassano a Firenze Cittâ,
229,sum-distance,25,21,144,Poste 18,
230,route-heading,26,21,144,Poste da Roma à Pisa.,
231,locations,26,21,144,Andate per Firen¬ zee sono,
232,sum-distance,26,21,144,p.23,
233,route-heading,27,21,144,Poste da Roma a Milano Poste da Firenxe à Bolo¬ per il più breue camins. gna.,Combined objects
234,locations,27,21,144,"Firenze Cittâ all'Vccellatoio a San Pietro à Sie- vo, oue passarete il Sieuo fiume al zouo sopra la montagna",
236,locations,27,21,144,"Guardateni del fid¬ me Sant'ermo a Firenzuola alle Filigaie Vscirete di Toscana & entrarete nel Bo lognese a Loiano a Pianoro pie della la Montagna Passarete il fiume Sauona più volte a Bologna Cittâ, & Studio",
238,sum-distance,27,21,144,Poste 8,
239,locations,27,21,144,"Pigliate li sudetti due viaggi di Ro ma à Firenze, & l'altro, che vieno a Bologna, che so no Poi alla Samog gia",
241,catch,27,21,144,Pas-,
242,page-number,27,22,145,145,
243,header,27,22,145,Delle Poste.,
244,locations,27,22,145,"passarete Panara a Modena Cittâ de la Prouincia del Boi a Marzaia Passarere Ii Crasto- la, e Secchia a Reggio Cittâ Passarete la lenza a Sant'Hillario a Parma Cittâ Passarete la Parma e poi il Taro a Borgo San Domi¬ no a Fiorenzola di Lõ bardia Passarete Ii Nuro, Relio, & Arta fiu mi a Piacenza Cittâ a Zorlesco stato di Milano hauendo passato Pò a Lodi Città a Marignano",
246,locations,27,22,145,a Milano Città anti chissima dell'Infu bria,
248,sum-distance,27,22,145,Poste 43,
249,route-heading,28,22,145,Poste da Bolegna à Milano.,
250,locations,28,22,145,"Le huuete qui so¬ pra il primo viag gio, & seno",
252,route-heading,29,22,145,Poste da Milano à Mo¬ dena.,
253,locations,29,22,145,Le hauete ancora nel soprascritto primo Viaggio et sono,
255,route-heading,30,22,145,Poste da Roma a Monte Pulcrano.,
256,locations,30,22,145,"L'hauetenel viag¬ gio di Roma a Fi renze, cioè veni¬ te sino alla scalla che sono a Montepulciano",
258,sum-distance,30,22,145,Poste 11,
259,catch,30,22,145,Poste,
260,page-number,30,23,146,146,
261,header,30,23,146,Libro Terzo.,
262,route-heading,31,23,146,Poste da Roma à Venetia.,
263,locations,31,23,146,Roma Città a Prima Porta. a Castel notio Ca¬ stello a Rignano a Ciuità castellana Pussarete il Teuere a Otricoli a Narni Cittâ de Sa bini¬ Passarete il Teu ere a Terni Città à Stretura a Spoletto Città del l'Vmbria al passo di Spolet- to a Varchino al Piano di Digna¬ no a Serranalle alla Mutia Castel¬ so,
265,locations,31,23,146,"a Forli Città a Ponte Céntesimo a Nocera Città a Gualdo a Sigillo a Scheggia a Cantiana a Fossembrone a Fano Città a Pesaro Città alla Cattolica a Rimini Cittâ a Bel Aere al Cesenadego al Sauio a Rauenna Città a Primaro a Magna vacca a Volani a Gorro, oue si passa il Pò grande alle Fornace Que si passa, il Pò piccolo a Chiozza Cittâ de Veneti",
268,catch,31,23,146,Qui,
269,page-number,31,24,147,147,
270,header,31,24,147,Delle poste.,
271,locations,31,24,147,Qui rimbarcae per Venet ia Citta me¬ rauighosa nella Trinigiana de Ita¬ li Transpadoni p.3,
272,sum-distance,31,24,147,Poste 47,
273,route-heading,32,24,147,Poste da Roma à Pesaro.,
274,locations,32,24,147,"Nel sudetto viag¬ gio l'haue e, che sono",
276,route-heading,33,24,147,Poste da Venetia à Pe¬ saro.,
277,locations,33,24,147,Quà di sopra l'ha uete,
279,route-heading,34,24,147,Poste da Ferrara à Bo¬ Poste da Venesta à Ra¬ logna. Uenna,Combined objects
280,locations,34,24,147,"Queste le hauete disopra, & sono p.14",
281,route-heading,35,24,147,Poste da Ve netia à Re¬ mini.,
282,locations,35,24,147,Queste le hauete nel sudetto viag¬ gio da Roma à Ve uetia e sono,
283,route-heading,36,24,147,Poste da Venetia à Chiozza.,
284,locations,36,24,147,Sono in tutto,
286,route-heading,37,24,147,Poste da Ferrara à Ra¬ uenna.,
287,locations,37,24,147,a Fusignano alla casa de compi a Argento si passa il Pò a San Nicolò a Rauenna,
289,sum-distance,37,24,147,Poste 5,
290,locations,37,24,147,Ferrara Città al Poggio a San Pietro in casa le a Fun a Bologna Città,
292,sum-distance,37,24,147,Poste 4,
293,catch,37,24,147,Poste,
295,page-number,37,25,148,148,
296,header,37,25,148,Libro Terzo.,
297,route-heading,38,25,148,Poste da Mantua à Fer¬ vara.,
298,locations,38,25,148,"Mantua Cittâ a Gouerno, oue si passa il Mel sium. p. 2 a Hostia a Pallantone a Ferrara Cittâ",
300,sum-distance,38,25,148,Poste 5,
301,route-heading,39,25,148,Posto da Ferrara à Faenza,
302,locations,39,25,148,Ferrara Città a Argenta a Lugo a Faenza Citta,
304,sum-distance,39,25,148,Poste 3,
305,route-heading,40,25,148,Poste da Ferrara à Ve¬ netia.,
306,locations,40,25,148,Ferrara Città a Rouigo hauendo,
307,locations,40,25,148,"prima passato il Pò Si passa il, Bacca¬ glioue a Padoua doppia Citta a liza fusina, oue s'¬ imbarca a Venetia Citta",
309,sum-distance,40,25,148,Poste 8,
310,route-heading,41,25,148,Poste da Ferrara à Roma perla Marca.,
311,locations,41,25,148,"Ferrara Cittâ a' Argenta a Lugo a Faenza Cittâ a Forli Città a Cesena Città a Sauignano a Rimini Città Da detta Città pèr insino a Romale hauete in vn viag gio, che dice da Roma a Venetia,",
313,catch,41,25,148,qua,
314,page-number,41,26,149,149,
315,header,41,26,149,Delle Poste.,
316,locations,41,26,149,quà di sopra po eo lontano,
318,sum-distance,41,26,149,Poste 36,
319,route-heading,42,26,149,Poste da Ferrara a Roma per Firenze,
320,locations,42,26,149,"Ferrara Città al Poggio 2 San Pietro in ca sale a Fun a Bologna Città Da Bologna à Fi¬ renze nel suo viag gio sono Da Firenze à Roma in un suo viaggio, che sarà vicino al sudetto di Bolo¬ gna",
322,sum-distance,42,26,149,Poste 30,
323,route-heading,43,26,149,"Poste da Venatia a Ferra¬ va per il Pò, & Mare però miglia.",
324,locations,43,26,149,a Malamocco a Chiozza Cittâ al Pò Fiume alle Papozze a Francolino a Ferrara Città,
326,sum-distance,43,26,149,Miglia 65,
327,route-heading,44,26,149,"Poste da Parma a Ferra¬ ra, cioè miglia per trauerso.",
328,locations,44,26,149,Parma Cittâ a Gottifredo alla Concordia Po sta alla Mirandola a Ferrara Città,
330,sum-distance,44,26,149,Miglia 58. p.7,Combined object
331,catch,44,26,149,Poste,
332,page-number,44,27,150,150,
333,header,44,27,150,Libro Terzo.,
334,route-heading,45,27,150,Poste da Perugia à Anco¬ na per trauerso.,
335,locations,45,27,150,"Perugia Cittâ, & studio a Pinello a Fossato Qui si passano gl'¬ Apenini Monti a Fabiano a Scandonato a Cherico a Giesi Città Ancona città",
337,sum-distance,45,27,150,Poste 10*,
338,route-heading,46,27,150,Poste da Firenze à Pe¬ rugia.,
339,locations,46,27,150,Firenze città a Fighino alla Vanella a Reggio Citta di Toscana,
341,locations,46,27,150,a Castiglione Arti¬ no all'Orsara a Pusignano alla Tor re a Perugia Cittâ p.1,
343,sum-distance,46,27,150,Poste 8*,
344,route-heading,47,27,150,Da Firenze a Assisi.,
345,locations,47,27,150,"Andarete per il su¬ detto camino fi¬ no à Perugia & uederete il bel la go di questo no¬ me, sono esse Poi à Santa Maria de gl'Angeli di grandissima diuo tione. Por à Assisi Città p. *",
347,sum-distance,47,27,150,Poste 10,
348,catch-word,47,27,150,Poste,
349,page-number,47,28,151,152,
350,header,47,28,151,Delle Poste.,
351,route-heading,48,28,151,Poste da Firenze à Reggio di Toscana.,
352,locations,48,28,151,"Guardate nel sudet. to prossimo uiag¬ gio, che trouarete che ur sono",
354,route-heading,49,28,151,"Poste da Firenze à drid Corte del Ré Cat- tolico, per il più quente delle Poste",
355,locations,49,28,151,"Trouate il uiaggio da Ronia à Geno ua, che uederete che da Firenze à Genoua sono p.22 Poitrouate il Viag gio da Genoua à Lione, che sono p. 40 Poitrouate da Lio ne a Madrid, che sono",
357,sum-distance,49,28,151,Poste 174*,
358,route-heading,50,28,151,Poste da Firenze à Paris.,
359,locations,50,28,151,"Conuiene andare si¬ no Lione come dissi disoprache souo Prouate il Viag¬ gio da Lione aPa ris, che saranno p.52",
361,sum-distance,50,28,151,Poste 118,
362,route-heading,51,28,151,"Poste da Firenze a Pares per Milano, e Nansi di Lorena.",
363,locations,51,28,151,Da Firenzed Mila no le hauete nel viaggio di Roma à Milano Da Milano à Nan- si di Lorena l'haue te in uno da Mila no a Bruseles Da Nansi à Pari,
365,catch,51,28,151,ui,
366,page-number,51,29,152,152,
367,header,51,29,152,Libro Terzo.,
368,locations,51,29,152,vi è il suo viag. gio.,
370,sum-distance,51,29,152,Poste 116,
371,route-heading,52,29,152,Poste da Mantua à Chia¬ venna il più breve.,
372,locations,52,29,152,Mantua Città a Guidizzolo a monte chiaro a Bressa Città Passarete il Mel fiu¬ me all Hospitaletto a Palazuolo Passarete l'oglio fiu me a Bergamo Città p.1* Da qui à Morbe¬ gno sono 40. mi¬ glia di Monta¬ gne Da Morbegno a Chiavenna,
374,sum-distance,52,29,152,Poste 18*,
375,route-heading,53,29,152,Poste da Mantua a Bressa.,
376,locations,53,29,152,"Guardate il sudet¬ to viaggio, che le trovarete",
377,route-heading,54,29,152,Poste da Morbegno à Bressa.,
378,locations,54,29,152,Guardate nel su¬ detto viaggio da Mantua a Chiavē na.,
380,route-heading,55,29,152,Poste da Mantua a Par¬ ma.,
381,locations,55,29,152,Mantua Città a Borgoforte alia Mora passare te il Pò a Guastalla a Bersello Passarete la Lenza a Parma Cittâ,
383,sum-distance,55,29,152,Poste 7,
384,catch,55,29,152,Poste,
385,header,55,30,153,Delle Poste.,
386,route-heading,56,30,153,Poste da Genova a Man¬ tua.,
387,locations,56,30,153,"Genova Città Passarete Sosseira a Pietra Lavezara a Ottaggio Passarete un fiume a Serravalle di Mi lano alla Bettola Passarete scrivia a Tortona Città a Voghera a Schiatezzo a Bron a Castello S. Giova ni Passarete li fiumi Tidone, Nura, e Trebia a Piacenza Città Passarete Pò, & an¬ date a Pezichito¬ ne castello Si può da Piacen¬",
389,locations,56,30,153,"za andare dritto à Cremona, che so¬ no tre poste, ma stentarete poi a passare Pò a Cremona Città alla Plebe S. Giaco mo a San Pietro Mede¬ gallo a Marearia, ove si passa l'Oglio fiu¬ me a Castellucio a Mantua Città",
391,sum-distance,56,30,153,Poste 21*,
392,route-heading,57,30,153,Poste da Bologna à Ra¬ venna.,
393,locations,57,30,153,"Bologna Città Passarete l'Idice, e Savona fiumi a San Nicolò Passarete Ii Salerno & Giava fiumi a Imola Città",
395,catch,57,30,153,Pas.,
396,page-number,57,31,154,154,
397,header,57,31,154,Libro Terzo.,
398,locations,57,31,154,Passarete il Serio. a Faenza Città a Ravenna Cittâ,
400,sum-distance,57,31,154,Poste 5,
401,route-heading,58,31,154,Poste da Lucca a Genova.,
402,locations,58,31,154,Lucca Citta Passarete il Serchio fiume a Mazaroso à Pietra santa a Massa Città alla Venza a Sarzana Città Passarete la macra a Lerici ove potete imbarcare a San Remedio al Borghetto a Marterana a Bracio a Sestri Si potrà imbarcare per Genova,
404,locations,58,31,154,a Chiavari a Repallo a Recco a Bogliasco passarete il fiume besagna a Genova Città,
406,sum-distance,58,31,154,Poste 16,
407,route-heading,59,31,154,Poste da Genova à Sar¬ zana.,
408,locations,59,31,154,L'hauete quà di so¬ pra,
410,route-heading,60,31,154,Poste da Venetia à Geno¬ va per la via di Parma.,
411,locations,60,31,154,"Venetia Città a Liza fusina a Padova Città a Esté, oue potete callare giù per il fiume",
413,catch,60,31,154,a Mon¬,
414,header,60,32,155,Delle Poste.,
415,locations,60,32,155,"a Montagnana, oue passa il lagno fiu¬ me alla Bevilacqua Passarete il Daniel fiume a Sangoneo Vero¬ nese a Castellaro Passarete il Taione fiume a Mantua Città a Borgo forte alla Mora, oue si pas sa Pò a Guastalla à Bersello Passarete la lenza à Parma Città Passarete il Taro a Fornovo a Borgo di Valdi Tarro Passarete li Mōti Pi reni, e poi la ma¬ cra & Pogliasco",
417,locations,60,32,155,fiumi a Varaze a Sestri di leuante a Chiauari Passarete la sturla a Repallo a Recco a Bogliasco Passarete il Besagno a Genoua Città,
419,sum-distance,60,32,155,Poste 30,
420,route-heading,61,32,155,"Poste da Genova à Parmn per il Mare, e Monti.",
421,locations,61,32,155,Quà di sopra l'ha¬ vete,
423,route-heading,62,32,155,Poste da Venetia à Par¬ ma.,
424,route-heading,62,32,155,L'havete quà di so¬ pra Poste da Firenze a Lucca. Firenze Città al Poggio Caiano,Combined entry & type error
426,catch-word,62,32,155,Pa¬,
427,page-number,62,33,156,156,
428,header,62,33,156,Libro Terzo.,
429,locations,62,33,156,Passarete l'Ombrone a Pistoia Città Passarete il fiume pescia at Borgo Bogiano p.1 a Lucca Città,
431,sum-distance,62,33,156,Poste 4,
432,route-heading,63,33,156,Poste da Firenze a Pistoia.,
433,locations,63,33,156,L'havete quà di so pra,
435,route-heading,64,33,156,Poste da Fossomibrone a Perugia.,
436,locations,64,33,156,Fossembrone alla qualagna a Cantiana a Ugubio Città a Perugia Città,
438,sum-distance,64,33,156,Poste 4,
439,route-heading,65,33,156,Poste da Genona à Bar¬ celona.,
440,locations,65,33,156,Genova Citta a Votri,
442,locations,65,33,156,a Renzan a Varaze a Saona Città alle carcare a Prio alle segne al Mondovi Città ove Nostra Signo ra abbonda de mi racoli alla Malghera,
444,locations,65,33,156,ra a Demonte a Vinai a Sambucca a Breceis Qui si passa la mon¬ tagna dell'Argēta al larce a Sciatelart a Barcellonetta a Miolans,
446,catch,65,33,156,al,
447,page-number,65,35,157,157,
448,header,65,35,157,Delle Poste,
449,locations,65,35,157,"al Offel S'entra in Proven¬ za alla Briola a Bellafaire alla Motta a Nizari a Sesteron Città a malla fogacia a San Stefano all'Hostar novo alla Verera a Ghilignach a Zaite Castello a Boimete Qui comincia il cō tato d'Avignone alla Bastida a Commun, ove pas sa il Rosne fiume a Avignone Città di S. Chiesa a Salses a Serignac a Vimes Veciao",
451,locations,65,35,157,"a Lumel a Colomber a Mompiller città a Gigaim all'Opiam a Sant'Ubari a Beres alla Barca a Narbona citta, che che fù la prima Colonia, che Ro¬ mani fondassero fuori d'Ialia a Villafalsa a Fiton a Sarfas Castello Quà sono li Premo torij delli Pirinel li, che dividono la Francia dalla Spa gna a Perpignano Ca¬ stello al Bolon al Hostaron a Bascara",
453,catch,65,35,157,a Gi¬,
454,page-number,65,36,158,158,
455,header,65,36,158,Libro Terzo,
456,locations,65,36,158,"a Girona Città del Regno di Catalo gna, ove passa il fiume Terdera alla casa bianca alla Rapida Passarete un fiumi¬ cello a San Siloni a Gigaim alla Rocca a Moncada a Barcelona Città metropoli della Cattalogna",
458,sum-distance,65,36,158,Poste 84,
459,route-heading,66,36,158,Poste da Genova à Avi¬ gnone per Terra.,
460,locations,66,36,158,"Guardate quà diso pra, che sono",
462,route-heading,67,36,158,Poste da Genova al Mon¬ dovì,
463,locations,67,36,158,"Guardate nel sopra scritto vieggio, che trovarete",
465,route-heading,68,36,158,Poste da Genova à Cuneo.,
466,locations,68,36,158,"Guardate nel sudet to viaggio, che letrovarete",
468,route-heading,69,36,158,Poste da Savona à Tu¬ rino,
469,locations,69,36,158,Savona Città alle Carcare Da detto luogo à Turino sono 24. 24. miglia di Pie¬ monte,
471,sum-distance,69,36,158,Poste 6,
472,route-heading,70,36,158,Poste da Barcelona à Per¬ pignano.,
473,locations,70,36,158,Nel sudetto lungo viaggio sono,
475,page-number,70,37,159,159,
476,header,70,37,159,Delle Poste.,
477,route-heading,71,37,159,Poste da Milano a Vene¬ tia.,
478,locations,71,37,159,Milano Città alla Cassina di Pec chi a Vaprio passarete Ada fiume a Bergamo Città de gl'Orobij Passarete l'oglio fiu me a Palazuolo Passarete il Mel fiume all'Hospitaletto a Bressa Città de cę nomani Passarete li Navi- lietto & chies fiumi a Desenzano Passarete il Menz fiume al Ponte San Mar¬ co a Castel novo a Verona Città de,
480,locations,71,37,159,"cenomani Passarete il Ladigie fiume a Scaldere Passarete il Lagno fiume. a Montebello Passarete il Bocalo ne fiume a Vicenza Città de Veneti a Padova Città de Veneti a liza fusina. Quà s'imbarca per Venetia, & sono cinque buone mi¬ glia.",
482,sum-distance,71,37,159,Poste 19*,
483,route-heading,72,37,159,Poste da Milan à Ve¬ rona.,
484,locations,72,37,159,Guardate quà diso¬ pra che trovarete che sono,
486,catch,72,37,159,Poste,
487,page-number,72,38,160,160,
488,header,72,38,160,Libro Terzo.,
489,route-heading,73,38,160,Poste da Milano a Bressa.,
490,locations,73,38,160,"Guardate quà so¬ pra, che vi sono nel viaggio da Milano a Vene- tia.",
492,route-heading,74,38,160,Poste da Venetia a Vero¬ na.,
493,locations,74,38,160,Guardate nel su- detto viaggio da Venetia a Mila¬ no.,
495,route-heading,75,38,160,Poste da Venetia à Ber¬ gamo.,
496,locations,75,38,160,Guardate nel viag gio sudetto da Milano a Vene¬ tia.,
498,route-heading,76,38,160,Poste da Milano a Bressa per altra via.,
499,locations,76,38,160,Milano Città Maregnano a Lodi Città a Crema Città,
501,locations,76,38,160,a gl'Orzi fortezza all Hospitaletto a Bressa Città de ce nomani popoli.,
503,sum-distance,76,38,160,Poste 6,
504,route-heading,77,38,160,"Altro camino, che non vi sono le Poste.",
505,Prose-Gloss,77,38,160,Da Milano a Cassano Passate Ada a Treviglio a Martinengo all'Hospitaletto a Bressa città.,
506,route-heading,78,38,160,Poste da Milano a Man tua.,
507,locations,78,38,160,Milano città a Marignano Passarete il Lambro a Lodi città a Zorlesco a Pizighitone Ca¬,
509,catch-word,78,38,160,stello,
510,page-number,78,39,161,161,
511,header,78,39,161,Delle Poste.,
512,locations,78,39,161,"stello, ove passare¬ te Ada a Cremona Città Alla plebe S. Giac. a San Pietro Mede¬ gallo a Marcaria ove pas¬ sarete su'l Ponte l'oglio a Castellucio a Mantua Città nel mezzo del lago",
514,sum-distance,78,39,161,Poste 11,
515,route-heading,79,39,161,Poste da Milano à Cre¬ mona.,
516,locations,79,39,161,"Cōviene vedere il sudetto viaggio, che sono",
518,route-heading,80,39,161,Poste da Milano à Vene¬ tia per detto camino.,Type error
519,locations,80,39,161,"Milano Città Co nuiene andare à Mantua, il cui",
520,locations,80,39,161,"viaggio havete quà di sopra Poi trouate il Viag gio, che dice da Genova à Vene- tia per Parma, & Mantua, che tro¬ varete che sono",
522,sum-distance,80,39,161,poste 22,
523,locations,80,39,161,"Questo è il viaggio che fà in carozza l'ordina rio, che và per via di Cremona à Venetia.",
524,route-heading,81,39,161,Poste da Milano à Trento.,
525,locations,81,39,161,Milano Città alla Cassina di Pec¬ chi a Vaprio Passarete Ada fiu¬ me a Bergamo Città Passarete Serio a Palazzuolo,
527,catch,81,39,161,al¬,
528,page-number,81,40,162,162,
529,header,81,40,162,Libro Terzo.,
530,locations,81,40,162,all Hospitaletto Passarete il Mel a Bressa Città Passarete il Naviliet¬ to. a Desenzano. al Ponte San Mar¬ co a Castel novo a Peri a Volargna al Vò Trentino Passarete l'Adigie alla Rouer bella a Trento Città,
532,sum-distance,81,40,162,poste 16,
533,Prose-Gloss,81,40,162,"Vi è da Bressa un'altro camino per Trento, ma non vi sonole Po¬ ste dietro al Lago di Garda, per il quale nō si può fare diligenze per rispetto dell'insta bilità de i Venti, pe¬",
534,Prose-Gloss,81,40,162,rò visono almeno set te poste lunghe.,
535,route-heading,82,40,162,Poste da Milano a Praga.,
536,locations,82,40,162,"Milano Città Conviene pigliare le sudette Poste da Milano a Trento Poi à San Michele Passarete Ladigie fiume a Egna a Bronzolo Città, o¬ ve passa l'Adigie è un oran Bosco a Bolzano a Tentsch a Colmar a Presenon Città a Mitencoalt a Sterzinghen bel luogo al Prener Monte, catiuo l'inverna¬ ta",
538,catch-word,82,40,162,a Stai¬,
539,page-number,82,41,163,163,
540,header,82,41,163,Delle Poste.,
541,locations,82,41,163,a Stainach a Scombergh a Inspruch Città,
543,Prose-Gloss,82,41,163,"Si può andare a Ha la, e poi imbar¬ carsi nel Danubio, quando vi sia ac¬ qua, e callare à se¬ gunda fino à Pils¬ na quando non vi sia acqua",
544,locations,82,41,163,a Cirlach a Urbach Si passa un Bosco a Nascreit a Aiderloanij a Lermes a Egrembergh a Fiesna a Hortausana a Husla a Perausana,
546,locations,82,41,163,"a Aspurgh, cioè Au gusta Città della Svevia, la quale è nel mezzo del li fiu",
547,locations,82,41,163,"mi Vinda & Lec¬ co a Aica a Vaitofen a Gesenfelt a Neustat a Sala a Ratisbona Città Metropoli della Baviera ove pas- sa il Danubio a Hurna Passarete un Bo¬ sco a Prugh a Rez a Viltmunica a Glenitz a Biscosderniz a Stab a Pilsna, ove sbar¬ carete se vi fare¬ te imbarcato a Ala a Rochizam Passarete un bosco",
549,catch,82,41,163,gran¬,
550,page-number,82,42,164,164,
551,header,82,42,164,Libro Terzo.,
552,locations,82,42,164,"grandissimo a Zerbis a Stiz a Ceustniz a Praga Città del¬ la Bohemia, ove reside la maestà dell Imperadore p.1",
554,sum-distance,82,42,164,Poste 59,
555,route-heading,83,42,164,"Poste da Milano à Praga per altra via, però non vi si può correre, che non vi si trovano li caaalli.",
556,locations,83,42,164,Milano Cittâ a Barlassina a Como Cittâ à Gerra per il lago infino in barca alla Barca nova a Chiauenna Cit¬ tà alla stampa a Casaglia,
558,locations,83,42,164,a Salvapiana a Somada a Sozo a Cosso a Scol Passarete la monta¬ gna a Font a Broz a Landegh a Disme a Tselp a Cirla a Inspruch Città a Hala Città a Sefacoz a Rotembergh a Verghel a Hofstiam a Rosenam a Surberspergh a Ardigh a Lanzott a Sofftorff a Lacbelfin a Straubin,
560,catch,83,42,164,a StoI¬,
561,page-number,83,43,165,165,
562,header,83,43,165,Delle Poste.,
563,locations,83,43,165,a Stolbon a Cam a Fort si passa il bo sco a Tsaus a Stingaù a Stab a Pilsna alla ripa del Danubio a Recsazon a Maite a Sefragh a Berum a Praga Città,
565,sum-distance,83,43,165,Poste 53*,
566,route-heading,84,43,165,Poste da Milano à Bruse¬ les.,
567,locations,84,43,165,Milano Città a Saron a Varese a Belinzona Città de i Signori Suiz,
569,locations,84,43,165,zeri a Giornich a Airola a Orsera passate la montagna al Torfo Qui s'imbarca nel la go di Lucerna sino a essa Città a Basilea Città a Sandie a Ravon a Nevir a San Nicolas a Nansi de Lorena ove sipassa il Mo¬ sel a Beluil a Ponte camuzo¬ ne a Nevil a Malla Tour a Conflen a Nonron a Filer a Nonuil,
571,catch-word,84,43,165,a Ar¬,
572,page-number,84,44,166,166,
573,header,84,44,166,Libro Terzo.,
574,locations,84,44,166,a Arlon a Mallamason a Flamisola alla Fossa al Molin a Marcha a Bastogna à Namur Città a Gibelu a Vaver a Bruseles Città del la Fiandra.,
576,sum-distance,84,44,166,Poste 66,
577,route-heading,85,44,166,Poste da Milano a Nansi di Lorena.,
578,locations,85,44,166,"Guardate nel so¬ prascritto viag¬ gio, che trouare te che sono",
580,route-heading,86,44,166,Poste da Milano à Basi¬ lea.,
581,locations,86,44,166,"Guardate nel su¬ detto viaggio, che saranno",
583,route-heading,87,44,166,Poste da Milano à Lu¬ cerna.,
584,locations,87,44,166,Milano Città a Saron a Varese a Belinzona Città a Giornich a Airola a Orsera passate la montagna al Torfo Qui s'imbarca per Lucerna a Lucerna Città P.4,
586,sum-distance,87,44,166,Poste 21,
587,route-heading,88,44,166,Poste da Milano à Praga per altra via.,
588,locations,88,44,166,Pigliate il sudetto camino Poi andate à Co¬ stanza,
590,catch,88,44,166,aIa¬,
591,page-number,88,45,167,167,
592,header,88,45,167,Delle Poste.,
593,locations,88,45,167,a Inspruch D'Inspruch à Pra¬ ga le havete nel¬ l'altro Viaggio di Milano a Pra¬ ga.,
595,sum-distance,88,45,167,Poste 67*,
596,route-heading,89,45,167,Poste da Praga à Linz.,
597,locations,89,45,167,"Non vi sono seguē te, & si contano 26. leghe & si pa gano per",
599,route-heading,90,45,167,Poste da Milano a Bruse¬ les per altra via di traverso.,
600,locations,90,45,167,Milano Città Conviene pigliare il sudetto camino per Lucerna a Saverna a Salzburgo a Nivir a San Nicolas,
602,locations,90,45,167,a Nansi di Lorena Da Nansi à Bruse¬ les le havete in uno Viaggio da Milano à Bruse¬ les dritto,
604,sum-distance,90,45,167,Poste 69,
605,locations,90,45,167,Poste da Nansi à Salzburgo quà di sopra,
607,route-heading,91,45,167,Poste da Milano à Saver¬ na.,
608,locations,91,45,167,"Conviene andare per Lucerna, e so no",
610,route-heading,92,45,167,Poste da Saverna à Nansi,
611,locations,92,45,167,Le havete quà di sopra Poste da Saverna a Salzburgo sono,
613,catch,92,45,167,Poste,
614,page-number,92,46,168,168,
615,header,92,46,168,Libro Terzo.,
616,route-heading,93,46,168,Poste da Milano à Sa¬ verna.,
617,locations,93,46,168,Conviene andare da Milano à Lu¬ cerna di dove so¬ no Poi da Lucerna à Saverna sono,
619,sum-distance,93,46,168,Poste 38,
620,route-heading,94,46,168,Poste da Milano à Ma¬ drid per il Monte Sempione.,
621,locations,94,46,168,Milano Città a Saron a Varese a Lavino Passarete il lago maggiore a Margozzo a Domodosola Ca stello a Deveciro uItimo Iuogo del stato di Milano,
623,locations,94,46,168,"al Sampione Mōte a Briga dilà dal Mō te a Sion Passate il Rodano a San Moris Volēdo schivare le stato del Serenis¬ simo di Savoia Conviene andare à Villanuona, e ti- rare a Losana la¬ sciando à mano manca il lago di Genevra. Seguito il primo viaggio a Tonon a Genevra Città Passarete il Ros¬ ne fiume a Cologni a San German a Sciardon a Nantua a San Moris",
625,catch,94,46,168,a Mon¬,
626,page-number,94,47,169,169,
627,header,94,47,169,Delle Poste.,
628,locations,94,47,169,a Monloel a Lione Città di Francia Da questa Città al la Villa di Ma- drid l'havete in un viaggio di Li¬ one a Madrid che sono,
630,sum-distance,94,47,169,Poste 149*,
631,route-heading,95,47,169,"Poste da Milano à Ma¬ drid per Lione e Tolosa, Porto de Venazque, & çaragoça, però non è frequentato da Corrie¬ ri.",
632,locations,95,47,169,"Da Milano à Lione, e Madrid le have¬ te nel suo p artico¬ lare Viaggio, che sono Da Lione à Iseron",
634,locations,95,47,169,a Chasales a San Marcelin a San Bonet a Pont empirac a Poulaguet alla Vouste a San Flur a Caude Argues alla Givole a Espaioux a Rodis Cittâ ala motte a Ienuon a Valdeire a Gaigliach a Rubastin a Buzot a Geniili a Castel mouran a Tholouse Citta a San Martin a Ixocho a Parmienes al Hospital de Pa¬ mis,
636,catch,95,47,169,a Co¬,
637,page-number,95,48,170,170,
638,header,95,48,170,Libro Terzo.,
639,locations,95,48,170,"a Coserans Città|ca po di Provincia di Cominges, o¬ ve cominciano li Pirinei Monti, u¬ scendo di Fran¬ cia, & entra in Spagna a Venazque Città d'Aragon di Spa gna Da detta Città à çaragoça vi so¬ no 35 leghe Da çaragoça a Ma drid le trovarete in uno viaggio che dice da Ma¬ drid à çarago¬ ça",
641,sum-distance,95,48,170,Poste 117*,
642,route-heading,96,48,170,"Poste da Milano à Ma¬ drid per la via di Cunio, & Avi¬ gnone.",
643,locations,96,48,170,"Milano Città alla Rosa Passarete il Tici¬ no a Vigevanò Città p. 1 a Mortara a Cozzo Passarete il Pò, & la Sesia, & Villa¬ nova a Casale Monfera¬ to Città a Aste Città a Alba Città alla Vittoria alla Trinità a Cunio Città a Borgo Passarete la Stura fiume.",
645,catch,96,48,170,alla,
646,locations,96,49,171,"alla Rocca spara¬ niera a Demonte a Vinei a Sambuca a Breceis Qui si passa la mō tagna dell'Argē¬ tera sassosa a Larce a Sciatelari a Barcelonetta a Miolans a Loset Qui finisce la Sa¬ voia, e comincia la Provenza alla Briola a Bellafaire alla motta a Nizzati a Sesteron Città a Mallafogacia a San Steffano all'Hostar novo alla Verrera",
648,locations,96,49,171,a Ghilignar a Zate Castello a Boimete Qui comincia il Contado d'Avi¬ gnone alla Bastia Passarete il Sorga fiume a Comun Passarete il Sorga ancora Ad Avignone Cit¬ tà metropoli di questo Contato Passarete iI Roine che viene da Lio ne a Salses a Sirignach a Vimes a Veciao a Lumel a Colomber a Monpeglier Cit tà et studio di me,
650,page-number,96,50,172,172,
651,header,96,50,172,Libro Terzo.,
652,locations,96,50,172,"dicina. a Gigiam a Lopiam a Sant'ubari a Beres all Barrera a Narbona Città a Villafalsa a Fiton a Sarfas Castello Qui principiano li monti Pirinei, & s'entra in Ispa¬ gna a Perpignano Ca¬ stello al Bolon all'Hostaron a Bascara a Girona Città del la Cattalogna alla casa bianca alla Rapida a San Silone alla Rocca a Moncada",
654,locations,96,50,172,a Barcelona Città Metropoli della Cattalogna Da detta Città a Madrid le havete te in un viaggio particolare & so no,
656,sum-distance,96,50,172,Poste 131*,
657,route-heading,97,50,172,Poste da Milano à Ma¬ drid per la via di Genova et Ma¬ re.,
658,locations,97,50,172,Da Milano andare te à Genova di dove sono,
660,locations,97,50,172,"Giunto à Genova, se vi sarà passaggio di Ga¬ lere con bene, ma non essendovene potrete pigliare una Tartana à posta, overo un",
661,catch-word,97,50,172,Leu¬,
662,page-number,97,51,173,173,
663,header,97,51,173,Delle Poste.,
664,locations,97,51,173,"Leudo buono è Arma to di persone, che vo¬ ghino sino a Barcelo¬ na. Però non potrere assicurarvi di fare de¬ ligenza per rispetto dell'instabilità de i vē ti, & mare, & andan¬ dovi come hò detto per mare accordate i Marinari da pagarli alla ratta del camino che potranno andare e non più, accioche per essi non veniate à obligarvi à stare i me¬ si, ò settimane in vn porto ò pagarli il vi¬ aggio sēza che v'hab¬ bino servito, & po¬ trete regolare che da Genova a Barcelona siano per terra. Da Barcellona a Ma drid l'hauete nel¬",
666,locations,97,51,173,li viaggi di Barce lona à çaragoça & di çaragoca à Madrid,
668,sum-distance,97,51,173,Poste 143,
669,route-heading,98,51,173,"Poste da Milano à Ma¬ drid per Nansi di Lorena, e Pari¬ gi.",
670,locations,98,51,173,Da Milano à Nausi di Lorena l'have te un uno viaggio che dice di Mila¬ no a Bruseles Da Nansi à Paris sono Da Paris à Madrid le trovarete esse¬ re,
672,sum-distance,98,51,173,Poste 196,
673,catch,98,51,173,Dà,
674,page-number,98,52,174,174,
675,header,98,52,174,Libro Terzo,
676,route-heading,99,52,174,Da Milano à Madrid per via delli Svizzeri.,
677,locations,99,52,174,Da Milano à Bada lo havete in un viaggio partico¬ lare Da Bada à Lione l'havete ancora in un particolare Viaggio Da Lione à Ma¬ drid l'havete an¬ cora per uno par ticolare viag¬ gio,
679,sum-distance,99,52,174,Poste 173*,
680,route-heading,100,52,174,Poste da Milano à Ma¬ drid per altra via di traverso.,
681,locations,100,52,174,Da Milano à Ge¬ noua,
683,locations,100,52,174,Da Genova là Avi¬ gnone le trovare te in uno viaggio da Genova à Lio ne per Avignone che sono D'Avignone a Mō pigliere Da Monpegliere à Tolosa le havete per viaggio par¬ ticolare. Da Tolosa à Salva tierra per viag¬ gio particolare Da Saluatierra a Vittoria Da Vitroria à Ma¬ drid le trovarete nel viaggio di Lione a Madrid,
685,sum-distance,100,52,174,Poste 124*,
686,catch,100,52,174,Poste,
687,page-number,100,53,175,175,
688,header,100,53,175,Delle poste.,
689,route-heading,101,53,175,Poste da Milano à Auo¬ sta.,
690,locations,101,53,175,Milano Città Alla Rosa a Bofalora Passarete il Tici¬ no fiume. à Novara Città Passarete la Sessia e gogna a Vercelli Città a San Germano Passarete la Doira A Inurea Città a Auosta Città nel la sua valle,
692,sum-distance,101,53,175,Poste 13*,
693,route-heading,102,53,175,Poste da Auosta à Mom¬ migliano.,
694,locations,102,53,175,Auosta Città antica al petit San Ber¬ nardo Monte,
696,locations,102,53,175,a Ema a Mottier a Conflen a Momigliano Ca stello,
698,sum-distance,102,53,175,Poste 15,
699,route-heading,103,53,175,Poste da Milano a Co¬ stanza.,
700,locations,103,53,175,Milano Città da detta Città per infino al Torfo le havete in uno vi¬ aggio da Milano a Brusceles p.17 poi v'imbarcate ꝑ Bron a Zuch a Zurilingh a Vintetuer a Frufelt a Costanza Città,
702,sum-distance,103,53,175,Poste 24,
703,catch,103,53,175,Poste,
704,page-number,103,54,176,176,
705,header,103,54,176,Libro Terzo.,
706,route-heading,104,54,176,Poste da Milano a Costan¬ za per la via dell'¬ ordinario.,
707,locations,104,54,176,"Andate à Coira, che Ia trovarete nel seguente viag gio da Milano à Augusta Da Coira a Costā zavi sono tre gior nate, le quali so¬ no",
709,sum-distance,104,54,176,Poste 32,
710,route-heading,105,54,176,Poste da Milano à Fer¬ rara.,
711,locations,105,54,176,"Milano Città a Meregnano a Lodi Città a Zorlesco a Pezighitone ca¬ stello, ove passa¬",
713,locations,105,54,176,rete Ada a Cremona Città alla Plebe S. Giac. a San Pietro Mede gallo a Marcaria ove pas sarete oglio a Casteluccio a Mantua Città Di qui à Ferrara lo trovarete per vi¬ aggio particola¬ re,
715,sum-distance,105,54,176,Poste 16*,
716,route-heading,106,54,176,Poste da Milane à Bolo¬ gna per la via di Mantua.,
717,locations,106,54,176,Pigliate le sudette fino à Mantua a San Benedetto Passarete il Pò alla Concordia alla Mirandola,
719,catch-word,106,54,176,a San,
720,page-number,106,55,177,177,
721,header,106,55,177,Delle Poste.,
722,locations,106,55,177,a San Martino a Bonporto a Modena Città alla Samoggia a Bologna Città,
724,sum-distance,106,55,177,Poste 20*,
725,route-heading,107,55,177,Poste da Milano à Ferra¬ ra per Parma.,
726,locations,107,55,177,"Milano Città a Maregnano a Lodi Città a Zorlesco Passarete il Pò a Piacenza Città a Fiorenzuola a Borgo Sā Domi¬ no passarete il Tarro a Parma Città a Sant'Illario a Reggio Città a Marzaglia a Modena Città a Bomporto, ove si passa Secchia",
728,locations,107,55,177,al Vò al Bonizzo a Finale al Bondinello Passarete il Reno e por il Pò piccolo a Ferrara Città p.1,
730,sum-distance,107,55,177,Poste 20,
731,locations,107,55,177,Poste da Milano à Parma quà sopra,
733,route-heading,108,55,177,Poste da Milano à Pe¬ saro.,
734,locations,108,55,177,Milano Città Conviene andare à Bologna per la via di Parma che sono a San Nicolò a Imola Città a Faenza Città a Forli Città a Cesena Città a Savignano,
736,catch-word,108,55,177,M,
737,catch-word,108,55,177,a Ri¬,
738,page-number,108,56,178,178,
739,header,108,56,178,Libro Terzo.,
740,locations,108,56,178,a Rimini Città alla Cattolica a Pesaro Città,
742,sum-distance,108,56,178,Poste 28,
743,route-heading,109,56,178,Poste da Milano à Urbi¬ no.,
744,locations,109,56,178,"Conviene andare per il sudetto ca¬ mino per infino à Rimini, che so¬ no Poi à Coriano a Montefiore alla Foglia a Urbino Città",
746,sum-distance,109,56,178,Poste 28,
747,route-heading,110,56,178,Poste da Milano a Firen¬ ze per Pontremoli.,
748,locations,110,56,178,Milano Città a Maregnano,
750,locations,110,56,178,"a Lodi Città a Zotlesco Passarete il Pò a Piacenza Città a Fiorenzuola a Borgo Sā Domi¬ no a Bornovo a Terentio a Berce Qui si passa il Mon te Sā Bartolomeo a Pontremoli Ca¬ stello Si passaranno li fiu mi grava, & Gra¬ via. a Villafranca a Terrarossa Si passa la Villa fiu¬ me a Sarzana Città alla Venza Passarete la Verfi glia a Massa Città",
752,catch-word,110,56,178,a Pie¬,
753,page-number,110,57,179,179,
754,header,110,57,179,Delle Poste.,
755,locations,110,57,179,"a Pietra Santa a Viareggio alla Torre a Pisa Città, e stu¬ dio a Casana alla Torre di San Rimedio a Pontormo a Porto a Firenze Città",
757,sum-distance,110,57,179,Poste 30,
758,route-heading,111,57,179,Poste da Milano à Lucca. Pigliate il sudet¬,
759,locations,111,57,179,to camino sino à Pietra Santa Da Pietra Santa à Luca.,
761,sum-distance,111,57,179,Poste 25*,
762,route-heading,112,57,179,Poste da Milano à Pisa.,
763,locations,112,57,179,"Trovarete nel so¬ prascritto viag¬ stio le poste fino à Pisa, che sono",
765,route-heading,113,57,179,Poste da Milano à Pon¬ tremoli.,
766,locations,113,57,179,Nel soprascritto viaggio le trova¬ rete & che sono,
768,route-heading,114,57,179,Poste da Milano à Pia¬ cenza.,
769,locations,114,57,179,Trovarete esse po ste nel soprascrit¬ to Viaggio per Firenze & so¬ no.,
771,catch-word,114,57,179,M 2,type error
772,catch-word,114,57,179,Poste,
773,page-number,114,58,180,180,
774,header,114,58,180,Libro Terzo,
775,route-heading,115,58,180,Poste da Milano à Livor¬ no Porto di Toscana.,
776,locations,115,58,180,"Pigliate il viaggio da Milano à Firen ze per Pontremo¬ li, & andate fino à Pisa Poi da Pisa à Livor no sono",
778,sum-distance,115,58,180,poste 29,
779,sum-distance,115,58,180,poste 34.,
780,route-heading,116,58,180,Poste da Milano à Gua¬ stalla.,
781,locations,116,58,180,Milano Città a Maregnano a Lodi Città a zorlesco a Pezighitone ove si passa poi Ada a Cremona alla plebe S. Giac. a San Pietro Mede¬ gallo a Casal maggiore Passarete Pò a Bersello a Guastalla,
783,sum-distance,116,58,180,Poste 10*,
784,route-heading,117,58,180,Poste da Milano à Coreg¬ gio,
785,locations,117,58,180,Milano Città Andate per il sudetto,
786,catch,117,58,180,ca¬,
787,page-number,117,59,181,181,
788,header,117,59,181,Delle Poste.,
789,locations,117,59,181,camino per infino a Bersello Poi da detto luogo à Coregio vi sono miglia 35. si sepa¬ rano in,
791,sum-distance,117,59,181,Poste 14,
792,route-heading,118,59,181,Poste da Modena à Coreg¬ gio.,
793,locations,118,59,181,"Vi è solamente die¬ ci miglia, che si pa gano colà per una posta e meza Poste da Prenesti¬ na à Rezzo di Ca labria sono",
795,locations,118,59,181,Milano Città a Binasco a Pavia Città,
797,locations,118,59,181,"Passarete Tecino, Gravelone, Tre- dobio & Gogna fiumi Alla Plebe di Cai¬ ro Passarete Pò, e Ta naro a Alessandria Cit¬ tà",
799,sum-distance,118,59,181,Poste 6,
800,route-heading,119,59,181,Poste da Milano à Finale.,
801,locations,119,59,181,"Conviene andare a Alessandria, il cui viaggio è il sudet¬ to Por à Acqui Cittâ per via di Casine alle Carcare a Finale Castello",
803,sum-distance,119,59,181,Poste 14,
804,route-heading,120,59,181,Poste da Milano à Ales¬ sandria.,
806,catch,120,59,181,Poste,
807,page-number,120,60,182,182,
808,header,120,60,182,Libro Terzo.,
809,route-heading,121,60,182,Poste da Milano à Mona¬ co Riviera di Genova.,
810,locations,121,60,182,"Andate fino à Fi¬ nale, che qui so¬ pra è il Camino, & sono A Finale imbarca¬ tevi che vi sono settanta miglia li quali si reparto¬ no in dieci poste per l'austerità del la Terra, & insta¬ bilità del Mare.",
812,sum-distance,121,60,182,poste 24,
813,Prose-Gloss,121,60,182,"Volendò andarvi per Terra passa¬ rete Lovano Al¬ benga, e San Re¬ mo, e vi convie¬ ne andare con li cavalli di fina¬ le di longo con gran travaglio",
814,route-heading,122,60,182,Altro camino per Finale.,
815,locations,122,60,182,Andate à Genova e sono a Finale per Màre,
817,sum-distance,122,60,182,Poste 18*,
818,route-heading,123,60,182,Da Milano a Saona.,
819,locations,123,60,182,"Pigliate le Poste, che sono nel vi¬ aggio per Finale fin alle Carcare p.12 a Savona Città",
821,sum-distance,123,60,182,poste 14,
822,route-heading,124,60,182,Poste da Milano a Geno¬ va per Alessandria.,
823,locations,124,60,182,Milano Città a Binasco a Pavia Città,
825,catch,124,60,182,Pas¬,
826,page-number,124,61,183,183,
827,header,124,61,183,Delle Poste,
828,locations,124,61,183,"Passarete Tecino, Gravelone, Tre¬ dobio & Gogna fiumi Alla Plebe di Cai¬ ro Passarete Pò, e Ta naro a Alessandria Cit¬ tà a Basaluzo Passarete l'Emur fiume. a Gavio Castello a Ottaggio a Pietra Lavezara a Genova Città",
830,sum-distance,124,61,183,Poste 12,
831,route-heading,125,61,183,Poste da Milano à Udine.,
832,locations,125,61,183,Milano Città Passarete il Lambro fiume alla Cassina di Pec¬,
833,locations,125,61,183,"chi a Vaprio. Passarete Ada fiu¬ me Uscirete del Mila¬ nese, & entrarete nel Bergamasco a Bergamo Città Passarete Serio, & Oglio a Palazzolo all Hospitaletto Passarete il mel fiu¬ me a Bressa Città Passarete il Navi- lietto A Desenzano rivie ra del Lago di Garda al Ponte di San Marco Qui vi passa il Men zo fiume. a Castelnovo passa a Verona, ove",
835,catch,125,61,183,M 4,
836,catch,125,61,183,l'Adi¬,
837,page-number,125,62,184,184,
838,header,125,62,184,Libro Terzo.,
839,locations,125,62,184,"l'Adigie a Scalderi Passarete il lagno fiume a Montebello a Vicenza Città ove si passa il Boccalo ne fiume Alla Cittadella, ha¬ vendo prima pas¬ sato li Tesena, & Brenta fiumi a Castelfranco, ove si passa il Muson fiume a Udenza Passarete li Piava & Menpagan fiumi alla motta ove passa il fiume Livienza a San Vitto e Codrospo Si passa il Torre fiu¬ me A Udine Città prin cipale del Friu¬",
841,locations,125,62,184,li.,
843,sum-distance,125,62,184,Poste 30*,
844,route-heading,126,62,184,Poste da Milano à Gratz.,
845,locations,126,62,184,"Milano Città Da Milano si và à Udine, che è il vi aggio quà sopra a Porcia a Codrospo a Voltegnano a Goritia Città nel Friuli a Santa Croce a Rosseo a Vernich a Lubiana Città Si possa la Sava fiu me a Pot possel a Fritz Si passa il Lina fiu me a Chila",
847,catch-word,126,62,184,a Giu¬,
848,page-number,126,63,185,185,
849,header,126,63,185,Delle Poste.,
850,locations,126,63,185,a Giumobea a Fruttriz a Marpurgh a Frenaven a Bildan Passarete il Muer fiu me a Gratz Città serra¬ ta da Monti,
852,sum-distance,126,63,185,Poste 54*,
853,route-heading,127,63,185,Poste da Milano a Gori¬ tia.,
854,locations,127,63,185,"Le dette Poste le trovarete nel so¬ prascritto, che so no",
856,route-heading,128,63,185,Poste da Milano à Lu¬ biana.,
857,locations,128,63,185,"Guardate nel sudet to viaggio, che le trovarete p.42* Poste da Roma à Sabina sono",
859,route-heading,129,63,185,Poste da Milano a Gratz per altra via.,
860,locations,129,63,185,"Conviene andare à Venetia, che so¬ no Poi imbarcatevi per Malghera a Treviso Città a Conian a Portia a Codrospo a Voltignano a Goritia Città Da questa Città à Gratz sono poste come si vederan¬ no quà disopra",
862,sum-distance,129,63,185,Poste 48*,
863,route-heading,130,63,185,Poste da Venetia a Gori¬ tia.,
864,locations,130,63,185,a Malghera a Treviso Città,
866,page-number,130,64,186,186,
867,header,130,64,186,Libro Terzo.,
868,locations,130,64,186,a Conian a Portia a Codrospo a Voltignano a Goritia,
870,sum-distance,130,64,186,Poste 9,
871,route-heading,131,64,186,Poste da Milano à Vien¬ na d'Austria.,
872,locations,131,64,186,"Milano Città Andate a Trento il cui camino l'ha¬ vete per partico¬ lare. Poi da Trento an¬ date a Vienna, che lo trouarete per viaggio partico¬ lare",
874,sum-distance,131,64,186,Poste 55*,
875,route-heading,132,64,186,Poste da Milano à Vienna per Venetia.,
876,locations,132,64,186,Da Milano à Vene tia Da Venetia à Viē¬ na l'havete per Viaggio partico lare,
878,sum-distance,132,64,186,Poste 55*,
879,route-heading,133,64,186,Poste da Milano à Augu sta e Colonia.,
880,locations,133,64,186,"Milano Città Andate fino à Au¬ gusta, il cui viag¬ gio l'havete nel primo, che dice di Milano à Pra¬ ga e sono Poi trovarete il viaggio, che di¬ ce da Colonia à",
882,page-number,133,65,187,187,
883,header,133,65,187,Delle Poste.,
884,locations,133,65,187,"Augusta, che so¬ no",
886,sum-distance,133,65,187,Poste 65*,
887,route-heading,134,65,187,Poste da Milano à Colo¬ nia per altra via.,
888,locations,134,65,187,"Andate ad Augu¬ sta per la via di Chiavenna e Coi ra, che sarà il se¬ guente Poi da Augusta a Colonia",
890,sum-distance,134,65,187,Poste 63*,
891,route-heading,135,65,187,Poste da Milano à Augu¬ sta per Lindo è Coi¬ ra.,
892,route-heading,136,65,187,Milano Città a Barlassina a Como Città Imbarcatevi nel la go fino à Gerra,
894,locations,136,65,187,alla Barca a Chiavenna Cit¬ tà a Clandelzino a Spluga monta¬ gna a Tosana a Coira Città a Masfelt a San Pietro a Fossa Qui s'imbarca per Lindo a Orm Città a Caspergh a Augusta Città,
896,sum-distance,136,65,187,Poste 37*,
897,route-heading,137,65,187,"Poste da Milano à Augu¬ sta per altra via, senza passare per li stati de Sign Venctiani, e Gri- gioni.",
898,locations,137,65,187,Andate a Lucer¬ na.,
900,catch-word,137,65,187,Da,
901,page-number,137,66,188,188,
902,header,137,66,188,Libro Terzo.,
903,locations,137,66,188,Da Lucerna à Au¬ gusta sono,
905,sum-distance,137,66,188,Poste 38,
906,route-heading,138,66,188,Poste da Milano a Dres¬ den Corte di Saxonia.,
907,locations,138,66,188,"Da Milano andate à Augusta, il qual Viaggio havete qua di sopra D'Augusta à No¬ rimbergo Poi da Norimber¬ go a Dresden vi sono",
909,sum-distance,138,66,188,Poste 68,
910,route-heading,139,66,188,Poste da Milano à Craco¬ via Corte del Rè di Polonia.,
911,locations,139,66,188,"Da Milano andate à Vienna d'Austria,",
912,locations,139,66,188,che le trovarete notato Da Vienna à Cra¬ covia l'havete ꝑ un viaggio parti colare |& sono,
914,sum-distance,139,66,188,Poste 95,
915,route-heading,140,66,188,Poste da Milano à Lon¬ dra d'Inghilterra.,
916,locations,140,66,188,"Andate da Milano a Bruseles di Fiā dra Da Bruseles à Lon dra lo trovarete der viaggio par¬ ticolare, che so¬ no",
918,route-heading,141,66,188,Poste da Milano à Mona¬ co corte di Baviera.,
919,locations,141,66,188,Da Milano à In¬ spruch sono,
921,catch,141,66,188,D'In¬,
922,sum-distance,141,66,188,Poste 112,
923,page-number,141,67,189,189,
924,header,141,67,189,Delle Poste.,
925,locations,141,67,189,D'Inspruch à Mo¬ naco,
927,sum-distance,141,67,189,Poste 38,
928,route-heading,142,67,189,Poste da Milano a Paris per la via più breve e frequente.,
929,locations,142,67,189,"Milano Città Conviene andare da Milano à Lio¬ ne, il cui viaggio l'havete nella Ta vola Poi trovate le po ste da Lione à Pa ris, che sono",
931,sum-distance,142,67,189,Poste 89,
932,route-heading,143,67,189,Poste da Milano a Paris per altra via.,
933,locations,143,67,189,Milano Città Trovate nella Tavo¬ la il viaggio che di,
934,locations,143,67,189,"ce di Milano à Bruseles, che tro¬ varete, che andan¬ do fino à Nansi di Lorena vi sono p.44 Da Nansi à Paris sono in un suo vi¬ aggio particola¬ re p.27",
935,sum-distance,143,67,189,Poste 71,
936,route-heading,144,67,189,Poste da Milano à Lon¬ dra per altra via.,
937,locations,144,67,189,Pigliate il viaggio che và a Paris per Turino e Lione Poi da Paris à Pon¬ toise aAdelli a Roan Città a Diepa al Villare Da detto luogos- imbarca p Loure trauersando il Gol fo di Mare,
939,catch,144,67,189,Da,
940,page-number,144,68,190,190,
941,header,144,68,190,Libro Terzo.,
942,locations,144,68,190,Da Loure a Lon- dres Città d'In¬ ghilterra p.20,
943,sum-distance,144,68,190,Poste 146,
944,route-heading,145,68,190,Poste da Milano à Costan¬ tinopoli.,
945,locations,145,68,190,"Milano Cittâ Andate à Venetia di dove sono In questa Città cō viene pigliare il passaporto, poi imbarcatevi per Cattaro, di dove vi sono 500. mi¬ glia, poi mettete vi per terra tra¬ versando li mon¬ ti di Cattaro, & Emi più volte, e trovarete li fiumi Baiona, Nisava, Susona, Ischia,",
947,locations,145,68,190,"Niso, & Meriza!, che sono per ter ra miglia 655. che in tutto sono da Venetia miglia 1155. li quali ri¬ partiti in poste de otto miglia l'una vengono es p. 144* sere",
948,sum-distance,145,68,190,Poste 162*,
949,route-heading,146,68,190,Altrocamino.,
950,locations,146,68,190,"Andate à Napoli, che sono da Mila no Poi da Napoli à O¬ tranto D'Ottranto à Cat taro Da Cattaro a Co¬ stantinopoli per terra con gran travaglio per Ia",
952,catch,146,68,190,Gre¬,
953,page-numberpage-number,146,69,191,191,
954,header,146,69,191,Delle Poste.,
955,locations,146,69,191,Gretia,
957,sum-distance,146,69,191,Poste 198,
958,route-heading,147,69,191,Poste da Milano a San Iacomo di Galitia.,
959,locations,147,69,191,"Andate à Lione, che sono Poi da Lione a Madrid trovare¬ te questo viaggio però non arriva¬ te à Madrid se non a Burgos che sono a Fresnillo. alla Fontana a Castroriz al puente de Mula a Formezza a Carion a Carciadeggie a San Giovanni a San Fongon a Brunel",
961,locations,147,69,191,"a Marsiglia a Leon Metropoli di questo Regno Quì si passa l'eslar fiume & alle mō¬ tagne d'Asturas, di dove vengo¬ no bravi cavalli a San Michel de Camino Al puente del A¬ gua A Storga Città, o¬ ve passa il Due¬ ro fiume Alla Ravanella mō tagna a Villanueva a los siette Moli¬ nes a Ponserado, ove fi¬ niscono Ii Mon¬ ti. a Cazanilles a Villafranca, 'oue si passa l'Arvia",
963,catch,147,69,191,fiu¬,
964,page-number,147,70,192,192,
965,header,147,70,192,Libro Terzo.,
966,locations,147,70,192,"fiume a Salvatierra a Malafava a los tres castillos a Villanueva al puente de Mina a San Iacomo no¬ vello a San Leuner a Villanueva a Villaroza a Compostella Cit tà principalissi¬ ma della Galitia, altre volte detta Lusitania, ove s'- honora il Corpo di San Giacomo Apostolo, ove raccordatevi di me",
969,sum-distance,147,70,192,poste 174,
970,locations,147,70,192,"Andate à Genova, Barcelona, çara¬ goça, e Madrid, che trovarete al suo luogo, che so no Poi andare da Ma drid à San Giaco mo per la via di Astorga, che so¬ no",
972,sum-distance,147,70,192,Poste 193,
973,route-heading,148,70,192,Poste da Milano à In¬ spruch per la via di Trento.,
974,locations,148,70,192,"Guardate in un viag gio, che dirà da Mi¬ lano à Praga, che",
976,route-heading,149,70,192,Altro camino da Milano à San Giacomo di Galitia.,
977,catch-word,149,70,192,Poste,
978,page-number,149,71,193,193,
979,header,149,71,193,Delle Poste.,
980,route-heading,150,71,193,"Poste da Milano à In¬ spruch per Como, e Chiavenna.",
981,locations,150,71,193,"Guardate nell'al¬ tro viaggio, che dice da Milano à Praga per Chia¬ venna, che trova rete che sono",
983,route-heading,151,71,193,Poste da Milano à Turino per Alessandria.,
984,locations,151,71,193,"Milano Città Da qui ad Alessan¬ dria le havete, in un viaggio parti colare Poi à Felizzano Passarete Tanaro a Aste Città a San Michele a Gambette à Poerino a Truffarello",
986,locations,151,71,193,Passarete Pò a Turino Città,
988,sum-distance,151,71,193,Poste 14,
989,route-heading,152,71,193,Poste da Genova à Turi¬ no.,
990,locations,152,71,193,"Trovarete in uno viaggio di Mila¬ no a Genova per Alessandria, che sono Poi d'Alessandria à Turino l'have¬ re qua di sopra",
992,sum-distance,152,71,193,Poste 14,
993,route-heading,153,71,193,Poste da Milano à Casale Monferrato.,
994,locations,153,71,193,alla Rosa Passarete Ticino a Vigevano Città a Mortara a Cozzo,
996,catch-word,153,71,193,N a Ca¬,
997,page-number,153,72,194,194,
998,header,153,72,194,Libro Terzo.,
999,locations,153,72,194,A Casale Monfer¬ rato.,
1001,sum-distance,153,72,194,Poste 5,
1002,route-heading,154,72,194,Poste da Milano à Cuneo.,
1003,locations,154,72,194,Pigliate le sudette Poi à Aste Città a Alba Città alla Vittoria alla Trinità a Cuneo,
1005,sum-distance,154,72,194,Poste 13*,
1006,route-heading,155,72,194,Poste da Milano à Grane¬ ble.,
1007,locations,155,72,194,Conviene andare à Turino a Rivole a S. Ambrosio a S. Giorgi a Sussa Città a Isiglies,
1009,locations,155,72,194,a Vre a Sufina a Breanzon al Monaster alla Maddalena alla Grava a Lanzi a Bordusana a Olviet a Vella a Granoble Cittâ,
1011,sum-distance,155,72,194,Poste 32*,
1012,route-heading,156,72,194,Poste da Milano à Lione per Granoble.,
1013,locations,156,72,194,"Pigliate il sudetto camino, che so¬ no Poi à Moran a Opin alla Tovredubia alla Boscere a San Lorenzo a Brun",
1015,catch,156,72,194,a Lione,
1016,page-number,156,73,195,195,
1017,header,156,73,195,Delle Poste,
1018,locations,156,73,195,a Lione,
1020,sum-distance,156,73,195,Poste 39*,
1021,route-heading,157,73,195,Poste da Milano à Lione per il Monte Sem¬ pione.,
1022,locations,157,73,195,"Guardate al viag¬ gio, che dice da Milano a Madrid per il Sempione, trovarete che so¬ no",
1024,route-heading,158,73,195,Poste da Milano à Paris per detto Sempione.,
1025,locations,158,73,195,Pigliate il sudetto viaggio Poi trovate nella tavola il viaggio da Lione à Paris che sono,
1027,sum-distance,158,73,195,Poste 89,
1028,route-heading,159,73,195,Poste da Milano à Fran¬ coforte.,
1029,locations,159,73,195,Milano Città a Saron a Varese a Belinzona a Giornich a Airola a Orsera al Torfo a Lucerna Città a Basilea Città a Haspa a Ortmascausen a Rolmer Città a Schlerstata a Strazburgo Città a Lerchenauten Cit tà a Rostat Città a Graben a Speir Citta a Oberschaim Cit tà,
1031,catch,159,73,195,aVver¬,
1032,page-number,159,74,196,196,
1033,header,159,74,196,Libro Terzo.,
1034,locations,159,74,196,"a Wermbs Città a Oppenaibrim Cit tà a Manz, cioè Magō za Città a Francoforte Cit tà della Marca no va, ove reside un Ellettore",
1036,sum-distance,159,74,196,Poste 56,
1037,route-heading,160,74,196,Poste da Milano à Ma¬ gonza.,
1038,route-heading,161,74,196,Guardate nel su¬ detto viaggio ꝑ Francoforte che sono,
1040,route-heading,162,74,196,Poste da Milano à Straz¬ burgo.,
1041,locations,162,74,196,"Guardate quà diso pra nel viaggio ꝑ Francoforte, che le trovarete p.37",
1042,route-heading,162,74,196,Poste da Milano à Salz¬ burgo,Type error
1043,locations,162,74,196,Guardate al viag¬,
1044,locations,162,74,196,gio da Milano à Inspruch Poi trovarete nel¬ la tavola il viag¬ gio da Salzbur¬ go à Inspruch,
1046,sum-distance,162,74,196,Poste 37,
1047,route-heading,163,74,196,"Poste da Milano à Paris per la via di Borgogna, ma non vi sono le poste seguenti.",
1048,locations,163,74,196,Andate da Milano à Bada Poi à Bisanzone Poi à Digiun Por à Nivers Da Nivers Città à Paris vi sono,
1050,sum-distance,163,74,196,Poste 87,
1051,catch,163,74,196,Font.,
1052,page-number,163,75,197,193,
1053,header,163,75,197,Delle Poste.,
1054,route-heading,164,75,197,Poste da Milano à Man¬ tua per Bressa.,
1055,locations,164,75,197,"Da Milano à Bres- sa andate, che so¬ no Poi à Montechia¬ to a Guidiziolo a Mantua Città",
1057,sum-distance,164,75,197,Poste 11*,
1058,route-heading,165,75,197,Poste de Milano a Paler¬ mo.,
1059,locations,165,75,197,"Andate da Milano à Roma che sono Trovarete poi nel la Tavola da Ro¬ ma a Palermo, che sono",
1061,sum-distance,165,75,197,Poste 113,
1062,route-heading,166,75,197,Poste da Milano à Cole¬ nia per Lucerna.,
1063,locations,166,75,197,Milano Città a Lucerna Città a Costanza Città a Augusta Città Poi à Colonia Cit tà,
1065,sum-distance,166,75,197,Poste 60,
1066,route-heading,167,75,197,Poste da Milane à Ensis- chein.,
1067,locations,167,75,197,Milano Città a Lucerna Città a Basilea Città a Ensischein,
1069,sum-distance,167,75,197,Poste 38,
1070,route-heading,168,75,197,Poste da Milano à Pesca¬ va nell'Abruzzo,
1071,locations,168,75,197,Da Milano à Loreto per Bologna,
1073,catch,168,75,197,a Por¬,
1074,page-number,168,76,198,198,
1075,header,168,76,198,Libro Terzo.,
1076,locations,168,76,198,a Porto di Fermo alle Grote a Tronto Città a Guilia nova a Pescara Città,
1078,sum-distance,168,76,198,Poste 42*,
1079,route-heading,168,76,198,Da Pescara al Vasto. a Lanciano al Vasto,Type error; combined object
1081,sum-distance,168,76,198,Poste 6,
1082,route-heading,169,76,198,Poste da Parma à Cre¬ mona.,
1083,locations,169,76,198,"Dico che vi sono cinque poste, e fi và per S. Segon¬ do.",
1085,route-heading,170,76,198,Poste da Milano à Sondra nella Valtelina a In¬ spruch.,
1086,locations,170,76,198,Milano Città,
1087,locations,170,76,198,"a Barlasina a Como Città a Gerra in fine del Lago di Como a Morbegno a Sondra a Tirano a Bormida Qui finisce la Val¬ telina al Porto Santa Ma ria, ove si passa la montagna e s'en tra nel Tirolo Di qui à Inspruch vi sono otto po¬ ste",
1089,sum-distance,170,76,198,Poste 25*,
1090,route-heading,171,76,198,Poste da Roma à Praga.,
1091,locations,171,76,198,Roma Città alla storta a Baccano a Monterosio,
1093,catch-word,171,76,198,aRon¬,
1094,page-number,171,77,199,199,
1095,header,171,77,199,Delle Poste.,
1096,locations,171,77,199,a Ronciglione a Vitterbo Città a Montefiascone Città a Bolsena Città a Acquapendente Città a Pontecentino a Radicofani Ca¬ stello alla Scalla a Tornieri a Lucignano a Siena Città a Staggia alle Tavernelle a San Casiano a Firenze Città all'Uccellatoio a San Pietro à Sie no al zocco e prima passarete à Scar¬ peria a Firenzuola di To¬ scana,
1098,locations,171,77,199,alle Filigaie a Loiano a Pianoro a Bologna Citta a Samoggia a Modena Città a Bomporto a San martino alla Mirandola alla Concordia a San Benedetto Passarete Pò a Mantua Città a Rouere bella a Castel nouo a Volargna a Peri al Vò Trentino a Rovere a Trento Città a San Michele a Egna a Bronzol Città a Bolzano Città a Tentsch a Colmar,
1100,catch-word,171,77,199,a Pre¬,
1101,page-number,171,78,200,200,
1102,header,171,78,200,Libro Terzo.,
1103,locations,171,78,200,"a Presenon Città a Mitencoalt a Sterzinghen al Prener monte a Stainach a Scombergh a Inspruch Città Si potrà andare à Hala, e imbarca¬ rete per Pilsena, purche vi sia ac¬ qua nel fiume I¬ ron, ma nō essen¬ dovene andate à Cirlach a Vrbach a Nascreit a Aiderloani a Lermes a Egrembergh a Fiesna a Hortausana a Husla a Perausana a Augusta Città Paica",
1105,locations,171,78,200,"a Vaitofen a Gecasenfelt a Neustat a Sala a Ratisbona Città a Hurna a Prugh a Rez a Vultmunica a Glenitz a Biscofdeiniz a Stab a Pilsna Città a Zerbis a Rochizan a Sitz a Crustniz a Praga Città dop pia della Bohe¬ mia, ove reside la Maestà Cesarea, e vi passa il fiume Molta",
1107,sum-distance,171,78,200,Poste 86,
1108,catch-word,171,78,200,Poste,
1109,page-number,171,79,201,201,
1110,header,171,79,201,Delle Poste,
1111,route-heading,172,79,201,Poste da Roma à Augu¬ sta.,
1112,locations,172,79,201,Quà disopra le ha vete & sono,
1114,route-heading,173,79,201,Poste da Roma à In¬ spruch.,
1115,locations,173,79,201,Quà di sopra le ha vete nelli viaggi da Roma à Praga,
1117,route-heading,174,79,201,Poste da Milano à Mena¬ co di Baviera.,
1118,locations,174,79,201,Partite da Roma ꝑ il soprascritto vi aggio e andate fi no à Inspruch da Inspruch à Mo¬ naco vi sono,
1120,sum-distance,174,79,201,Poste 65,
1121,route-heading,175,79,201,Poste da Roma à Bruse¬ les.,
1122,locations,175,79,201,Conviene andare si no a Augusta che,
1123,locations,175,79,201,sono d'Augusta à Bruse¬ les l'havete nella tavola e sono,
1125,sum-distance,175,79,201,Poste 104,
1126,route-heading,176,79,201,Poste da Roma à Colo¬ nia.,
1127,locations,176,79,201,"Andate da Romaà Augusta, che so¬ no Poi trovate il viag gio da Augusta à Colonia, che nel la tavola lo trova rete",
1129,sum-distance,176,79,201,Poste 92,
1130,route-heading,177,79,201,Poste da Roma à Londra d'Inghilterra.,
1131,locations,177,79,201,Andate fino a Bruse¬ les,
1133,catch,177,79,201,Poi,
1134,page-number,177,80,202,202,
1135,header,177,80,202,Libre Terzo.,
1136,locations,177,80,202,"Poi trovale il viag gio da Bruseles a Londra, che so¬ no",
1138,sum-distance,177,80,202,Poste 150,
1139,route-heading,178,80,202,Poste da Roma à Londra per Milano.,
1140,locations,178,80,202,Da Roma à Mila¬ no Da Milano à Bru¬ seles Da Bruseles à Lō¬ dra,
1142,sum-distance,178,80,202,Poste 155,
1143,route-heading,179,80,202,Poste da Roma à Londra per Paris.,
1144,locations,179,80,202,"Andate da Roma a Lione, che so¬ no Poi andate à Pa-",
1146,locations,179,80,202,ns Poi da Paris à Lō¬ dra l'havete di¬ stinto,
1148,sum-distance,179,80,202,Poste 197,
1149,route-heading,180,80,202,Poste da Roma à Madrid.,
1150,locations,180,80,202,Potrete recogno¬ scereli viaggi da Milano à Madrid & secondo li bi¬ sogni valeteuene che sono diversi,
1151,route-heading,181,80,202,Poste da Roma à Paris.,
1152,locations,181,80,202,"Dico che per più vie si può andare & potrete vede¬ re, recognoscete li viaggi da Mila no à Paris, e vale teuene di quello, che più vi piace¬ rà.",
1153,catch-word,181,80,202,Da,
1154,page-number,181,81,203,203,
1155,header,181,81,203,Delle Poste.,
1156,route-heading,182,81,203,Da Napoli à Madrid.,
1157,locations,182,81,203,"Conviene venire à Roma, e por anda re à Genoua, e Lione Prima à Roma Da Roma à Lio¬ ne Da Lione à Ma¬ drid.",
1159,sum-distance,182,81,203,poste 208*,
1160,locations,182,81,203,"Volendo fare altro ca- mino, guardate che ne trovarete diversi da Milano a Madrid, che potrete pigliare quello, che più vi a¬ gradirà.",
1161,route-heading,183,81,203,Poste da Napoli à Praga.,
1162,locations,183,81,203,Guardate che lo¬ trovarete da Ro¬,
1163,locations,183,81,203,"ma à Praga & a¬ giungetevi le 16. Poste di Napoli à Roma, che, sa- ranno in tutto",
1165,route-heading,184,81,203,Poste da Napoli à Bru¬ seles.,
1166,locations,184,81,203,Da Napoli à Ro¬ ma Poi da Roma à Bru seles.,
1168,sum-distance,184,81,203,Poste 120,
1169,route-heading,185,81,203,Poste da Napoli à Bru¬ seles.,
1170,locations,185,81,203,Andate à Milano che sono Poi da Milano à Bruseles le tro ua rete che sono,
1172,sum-distance,185,81,203,Poste 125,
1173,catch-word,185,81,203,Poste,
1174,page-number,185,82,204,204,
1175,header,185,82,204,Libro Terzo.,
1176,route-heading,186,82,204,Poste da Napoli a Paris,
1177,locations,186,82,204,Andate à Roma Poi andate à Lione per Genova Poi da Lione à Pa ris,
1179,sum-distance,186,82,204,Poste 148,
1180,locations,186,82,204,"Altri camini potrete pigliare, li quali tro¬ varete descritti da Milano a Paris.",
1181,route-heading,187,82,204,"Poste da Roma à Madrid senza toccare Genoua, Turino, Sauoia, nè Mi¬ lano.",
1182,locations,187,82,204,Andate à Mantua di dove sono a Guidiziolo a Monte chiaro 3 Bressa Città,
1184,locations,187,82,204,a Isè Castello a Besogno Villa al Rè Villa a Edello a Brigha hosteria a Tirano Villa a Postschiavo Qui si passa la mon¬ tagna della Berlina a Pont Rasino a Ponte Camoas Qui si passa la mon¬ tagna dell'Albera a Borgues a Lanzi alla Badia a Coira Città a Ponte del Peno a Monfeltro a Valdestat ove si passa il lago a Vesa a Smarich a Medolf a Sorich alla Torre,
1186,catch-word,187,82,204,aBa¬,
1187,page-number,187,83,205,205,
1188,header,187,83,205,Delle Poste,
1189,locations,187,83,205,a Bada Città Da Bada à Lione l'havete in un vi¬ aggio particola¬ re Da Lione à Ma¬ drid,
1191,sum-distance,187,83,205,Poste 236,
1192,route-heading,188,83,205,Poste da Bressa à Coira,
1193,locations,188,83,205,"Guardate nel sudet to viaggio, che so no",
1194,route-heading,189,83,205,Poste da Coira à Bada,
1195,locations,189,83,205,"Guardate nel sudet to viaggio che so¬ no Poste da Cilla del Tirolo à Bressa so no Poste da Lucerna à Rinfeld, hore 16",
1197,locations,189,83,205,Poste da Lucerna à Basilea per la via di Bada sono Poste d'Augusta à Lindo,
1199,route-heading,190,83,205,Poste da Turino à Cuneo.,
1200,locations,190,83,205,Turino Città al Carignano a Raconis a Savigliano a Villafalet a Cuneo Città,
1202,sum-distance,190,83,205,Poste 5,
1203,route-heading,191,83,205,Poste da Turino à Nissi di Sauota,
1204,locations,191,83,205,"Cōuiene andare da Turino alla Sciam bra, il cui viaggio trovarete da Geno va à Lione",
1206,catch-word,191,83,205,Poi,
1207,page-number,191,84,206,206,
1208,header,191,84,206,Libro Terzo¬,
1209,locations,191,84,206,Poi alla Prerra alle Gabelette alla Pettola a Nissi.,
1211,sum-distance,191,84,206,Poste 18*,
1212,route-heading,192,84,206,Poste da Monloello à Cramberi.,
1213,locations,192,84,206,Monloel a San Moris a San Robert a Rosiglione a Piesato Qui si passano il Ro dano al Borghetto a Ciamberi Città,
1215,sum-distance,192,84,206,Poste 10,
1216,route-heading,193,84,206,Poste da Venetia à Tren¬ to.,
1217,locations,193,84,206,Venetia Città,
1218,locations,193,84,206,"V'imbarcarete, & per terra passare te il Dese fiume a Malghera a Piombino a Caftelfranco a Bassano alla Scalla Da detta Scala à Trento Città",
1220,sum-distance,193,84,206,Poste 12,
1221,route-heading,194,84,206,Poste da Venetia à Praga,
1222,locations,194,84,206,"Pigliate il sudetto camino per Tren to Poi pigliate il ca¬ mino da Roma à Praga, che trova¬ rete le poste se¬ guenti da Trento à Praga che sono",
1224,sum-distance,194,84,206,Poste 55,
1225,catch,194,84,206,Poste,
1226,page-number,194,85,207,207,
1227,header,194,85,207,Delle Poste.,
1228,route-heading,195,85,207,Poste da Venetia à Dres- den Corte di Sassonia.,
1229,locations,195,85,207,"Pigliate il sudetto camino, però quā do sarete ad Au¬ gusta Città dell'¬ Alsacia, sin dove sono Poi andate da Au¬ gusta à Dresden, che sono",
1231,sum-distance,195,85,207,poste 67,
1232,route-heading,196,85,207,Poste da Venetia à Paris.,
1233,locations,196,85,207,"Da Venetia anda¬ te, à Milano, di dove sono Guardate nella ta¬ vola che trovare¬ te diversi viaggi per Paris, piglia¬ te quello, che più",
1235,locations,196,85,207,"vi gusta, però il più breve è per Turino e Lione",
1237,sum-distance,196,85,207,Poste 108,
1238,route-heading,197,85,207,"Altro per Paris, Bressa, Coira, e Basilea per traversi.",
1239,locations,197,85,207,Da Venetia à Bres sa Poi pigliate il vi¬ aggio da Bressa à Coira Da Coira à Zurich da Zurich a Basilea Da Basilea a Nan- si Da Nansi à Paris,
1241,sum-distance,197,85,207,Poste 91,
1242,route-heading,198,85,207,Poste da Venetia à Ma¬ drid.,
1243,locations,198,85,207,"Guardate alla tavola, che trovarete diversi",
1244,catch,198,85,207,viaggi,
1245,page-number,198,86,208,208,
1246,header,198,86,208,Libro Terzo.,
1247,locations,198,86,208,"viaggi da Milano à Madrid, pigliate quello, che più vi commoda, però il più breve & spediē te è quello di anda¬ re per Turino e Lio ne, siche da Vene¬ tia à Madrid per det ta via sono",
1249,route-heading,199,86,208,Poste da Venetia à Chia¬ nenna.,
1250,locations,199,86,208,Andate à Berga¬ mo. Da Bergamo à Mor begno Da Morbegno à Chiavenna,
1252,sum-distance,199,86,208,Poste 24*,
1253,route-heading,200,86,208,Poste da Venetia à Vien¬ na.,
1254,locations,200,86,208,Andate à Trento di dove sono,
1256,locations,200,86,208,Poi à S. Michele a Egna a Brenzolo a Bolzano Città a Tetsch a Colmar a Presenon Città a Mitencoalt a Sterzingh Città al Prener monte a Stainach a Scombergh a Inspruch Città a Sitaz Città a Gundel a Albergh a Estembach a Suenelraet a Salzburgo Città a Neumarch a Franch march a Mantez a Matroach a Lirch a Ersach a Molten,
1258,catch,200,86,208,a Hies,
1259,page-number,200,87,209,109,
1260,header,200,87,209,Delle Poste,
1261,locations,200,87,209,a Hies al. lostfort a Podembergh a Selchilig a Burgerdorf a Vienna Città me. tropoli dell'Au¬ stria,
1263,sum-distance,200,87,209,Poste 51*,
1264,route-heading,201,87,209,Poste da Venetia à Vien¬ na per la via ordina¬,
1265,locations,201,87,209,Venetia Città a Malghera a Treviso Città a Conian a Portia a Codrospo a Voltegnano a Goritia Città a Santa Croce al Rosco a Vernich a Lubiana Citta,
1267,locations,201,87,209,a Postpesel a Fruz Si passarà il Linz fiume a Chila a Gumobez a Frestriz a Marpurgh a Erenausen a Bildan passarete il Muer fiume a Gratz Città me¬ tropoli della Sti¬ ria a Dedin a Retelstam a Prugh a Cumpergh a Merzuelalag a Gloelniz a Nistaram a Traschirch a Vienna Città,
1269,sum-distance,201,87,209,Poste 36,
1270,catch,201,87,209,Poste,
1271,page-number,201,88,210,210,
1272,header,201,88,210,Libro Terzo.,
1273,route-heading,202,88,210,Poste da Venetia à Gratz,
1274,locations,202,88,210,"Guardate quà di so pra, che trovarete che sono¬",
1276,route-heading,203,88,210,Poste da Venetia a In¬ spruch.,
1277,locations,203,88,210,Guardate nel pe¬ nultimo viaggio che trovarete,
1279,route-heading,204,88,210,Poste da Venetia & Salz¬ burgo.,
1280,locations,204,88,210,Guardate nel pe nultimo viaggio che tovarete per via di Trento es sere,
1282,route-heading,205,88,210,Poste da Venetia à Bol¬ zan.,
1283,locations,205,88,210,Guardate nel pe¬ nultimo viagio che le trovarete,
1285,route-heading,206,88,210,Poste da Venetia à Lu¬ biana.,
1286,locations,206,88,210,"Guardate nell'ulti mo viaggio, che trovarete",
1288,route-heading,207,88,210,Poste da Venetia à Go¬ ritia.,
1289,locations,207,88,210,"Guardate nel su¬ detto viaggio, che sono¬ Poste da Gradisca à Palma, vi e una posta Poste da Palma à Goritia vi sono",
1291,route-heading,208,88,210,Poste da Venetia à Vil¬ lach,
1292,locations,208,88,210,Venetia Città Uscendo dal Mare Adriatico passa¬ rete poi il fiume Dessa a Malghera a Treviso Città a Coniano a Sacil a Sant'Avogada Spilinbergh,
1294,catch,208,88,210,al¬,
1295,page-number,208,89,211,211,
1296,header,208,89,211,Delle Poste.,
1297,locations,208,89,211,all'Hospitaletto alla Cuffa a Pontruna a mal Borghetto a Tarmis¬ a Villach Città,
1299,sum-distance,208,89,211,Poste 17,
1300,route-heading,209,89,211,Poste da Venetia à Bru¬ seles.,
1301,locations,209,89,211,"Andate a Trento, che sono Poi trovate il Viag. gio da Roma à Praga, & quādo sarete à Trento¬ cominciate à co¬ tar le poste fino ad Augusta Città, che saranno Da Augusta a Bru¬ seles le havete per viaggio par¬ ticolare, e sono",
1303,sum-distance,209,89,211,Poste 74,
1304,route-heading,210,89,211,Poste da Venetia à Lon¬ dra.,
1305,locations,210,89,211,"Andate à Bruseles come vi hò mo¬ strato qua sopra e poi andate à Lon dra, il cui viag¬ gio lo trovarete scritto separata¬ mente.",
1307,sum-distance,210,89,211,Poste 120,
1308,route-heading,211,89,211,Poste da Venetia à Chia¬ venna per Bergamo.,
1309,locations,211,89,211,"Andate da Vene¬ tia a Bergamo di dove sono¬ PoI pigliati li Ca¬ valli per Morbe¬ gno, che sono 42. miglia & andate à refrescarli a S. Gio. miglia 8.",
1311,catch,211,89,211,a Val¬,
1312,page-number,211,90,212,212,
1313,header,211,90,212,Libro Terzo.,
1314,locations,211,90,212,a Valdome m.10 a Morbegno.m.16 Da Morbegno an¬ date à Chiavene Città,
1316,sum-distance,211,90,212,Poste 24,
1317,route-heading,212,90,212,Boste da Bergamo à Ver¬ celli.,
1318,locations,212,90,212,Bergamo Città a Imbersago a Saron a dieci e Gagliate a Novara Città a Vercelli Città,
1320,sum-distance,212,90,212,Poste 7*,
1321,route-heading,213,90,212,"Poste da Venetia à Costan tinopoli per Roma, et Otranto.",
1322,locations,213,90,212,Da Venetia à Ro¬ ma,
1324,locations,213,90,212,Da Roma à Napo¬ li Da Napoli a Otra to D'Otranto à Cat- taro di Golfo Da Cattaro à Costam tinopoli non vi so no poste ma il ca mino per,
1326,sum-distance,213,90,212,p.202,
1327,route-heading,214,90,212,Poste da Venetia à Co¬ stantinopoli.,
1328,locations,214,90,212,"Conviene imbarcarsi per Cattaro, di do¬ ve vi sono 500. mi¬ glia, e poi mette¬ tevi per terra di do¬ ve vi sono 655. mi¬ glia, che in tutti sono 1155. miglia italiane, averten¬ do che non vi sono no poste per rispet¬",
1329,catch,214,90,212,to,
1330,page-number,214,91,213,213,
1331,header,214,91,213,Delle Poste.,
1332,locations,214,91,213,"to del Mare, & an¬ cora per terra, pe¬ che è camino aspro eche non hà corris¬ pondenze d'ordina rij, siche si calcula¬ no à otto miglia per Posta, e vengono à essere p.144*",
1333,route-heading,215,91,213,Poste da Praga à Vienna. Praga Città & Cor,
1334,locations,215,91,213,te Cesarea a Tesnitz a Nisbecch a Visteriz a Melstin a Tabor a Aberfich a Klenau a Hasenschlag a Zabings a Tulma a Hosfleim a Bulckha,
1336,locations,215,91,213,"a Holaprum a Stockerau a Enzerstoff a Vienna Metropo li dell'Austria, al tre volte Panno¬",
1338,sum-distance,215,91,213,Poste 16,
1339,route-heading,216,91,213,Poste da Vienna à Buda.,
1340,locations,216,91,213,a Tibari a Prespurgh a Touatin a Strigonia Città dell'Ungaria a Buda Città,
1342,sum-distance,216,91,213,Poste 15,
1343,route-heading,217,91,213,Poste da Vienna à Gratz.,
1344,locations,217,91,213,"Guardate nel viag gio di Venetia à Vienna che tro¬ varete, che sono",
1346,catch-word,217,91,213,Poste O 3,
1347,page-number,217,92,214,214,
1348,header,217,92,214,Libro Terzo.,
1349,route-heading,218,92,214,Poste da Vienna à Pres- zlauu.,
1350,locations,218,92,214,"Vienna. Città a Vlrisch, Reris- chen a Meilstelbach a Wisterniz a Austerliz a Udisch a Olmiz Città del la Moravia a Sternbergh Cit tà a Uberdenwald a Brauseffen a Engelbergh a Bermenstat a Gendernitiz a Giotgen a Zuderhall Città a Preszlauù Città della slesia",
1352,sum-distance,218,92,214,Poste 37*,
1353,route-heading,219,92,214,Poste da Vienna à Olmiz nella Moravia. Guardate nel sudet,
1354,locations,219,92,214,to viaggio che tro varete che sono,
1356,route-heading,220,92,214,Poste da Vienna à Cra¬ couia.,
1357,locations,220,92,214,Vienna Città a VireKstireK a Mistelbach a Visterniz a Austerliz a Vischa Città a Pseroua a Aranice a Nouarichezin a Ostraistra a Freistrat a Acquanera a Poszi na a Onvieczin a Lipovies a Cracovia Città,
1359,catch-word,220,92,214,della,
1360,page-number,220,93,215,215,
1361,header,220,93,215,Delle Poste,
1362,locations,220,93,215,della Polonia,
1364,sum-distance,220,93,215,Poste 40,
1365,route-heading,221,93,215,Poste da Vienna à Visca.,
1366,locations,221,93,215,"Guardate nel sudet to viaggio, che le trovarete che sono p.13* Poste da Vienna à Fraistot, vi sono 20. leghe p.10",
1367,route-heading,222,93,215,Poste da Vienna à Madrid per Milano.,
1368,locations,222,93,215,"Andate à Milano, di dove sono p.55* Poi da Milano à Madrid lo trova¬ rete al suo luo¬ go",
1370,sum-distance,222,93,215,Poste 205*,
1371,route-heading,223,93,215,Poste da Vienna à Ma¬ drid per Inspruch.,
1372,locations,223,93,215,"Andate da Vienna à Inspruch che so no Poi d'Inspruch à Bada, che trova¬ rete il suo viag¬ gio Da Bada à Lione, che parimente vi è il suo viaggio Da Lione à Ma¬ drid",
1374,sum-distance,223,93,215,Poste 196*,
1375,locations,223,93,215,"Il sudetto camino per Madrid è il spiù breve però non potrà corre¬ re per l'asprezza del paese, e che non vi so¬ no le poste seguenti da Vienna à Lione",
1376,catch,223,93,215,Post.,
1377,page-number,223,94,216,216,
1378,header,223,94,216,Libro Terzo.,
1379,route-heading,224,94,216,Poste da Vienna à Paris,
1380,locations,224,94,216,Andate a Praga Poi a Augusta Poi a Nansi di Lo¬ rena Da Nansi a Paris,
1382,sum-distance,224,94,216,Poste 82,
1383,route-heading,225,94,216,Poste da Vienna à Ma- drid per Paris.,
1384,locations,225,94,216,Andate a Paris per il sudetto viag¬ gio p.81 Poi trovarete quel¬ lo di Paris a Ma¬ drid sono p.125,
1385,sum-distance,225,94,216,Poste 206,
1386,route-heading,226,94,216,Poste da Prezlauu à Cra¬ couia di Polonia.,
1387,locations,226,94,216,Preszlauu Città a Zuderhall,
1389,locations,226,94,216,a Zumpergh a Barevitz a Opelu Città a Stelitz Città a Wescababach a Penigne Città a Staffgoff Cittâ a Schedlitz a Cracovia Città,
1391,sum-distance,226,94,216,Poste 25,
1392,route-heading,227,94,216,Poste da Preszlaw à Danfica.,
1393,locations,227,94,216,Preszlaw Città a Prusznitz a Treclenberg a Boviz a Ritzivin a Mosch a Bosen Città a Mobadizsi a Guisen a Schmarmeijsel a Leszla,
1395,catch,227,94,216,a Gnip¬,
1396,page-number,227,95,217,217,
1397,header,227,95,217,Delle Poste.,
1398,locations,227,95,217,"a Gnippa a Dorn Città a Rolmesch a Grauiniz a Naumburg Città a Ghubel a Dantzge, cioè Dā sica Città.",
1400,sum-distance,227,95,217,Poste 42*,
1401,route-heading,228,95,217,Poste da Prezlaw à Na¬ umburg.,
1402,locations,228,95,217,"Guardate nel sudet to viaggio, che le trouvrete p.34*",
1403,route-heading,229,95,217,Poste da Prezlau a Bosen,
1404,locations,229,95,217,"Guardate nel sudet to viaggio, che trovarete",
1406,locations,229,95,217,Guardate nel sudet¬,
1407,locations,229,95,217,"to viaggio, che trovarete che so¬ no",
1409,route-heading,230,95,217,Poste da Praga à Naum¬ burgo.,
1410,locations,230,95,217,"Guardate nel sotto¬ scritto viaggio, che trovarete es¬ servi",
1412,route-heading,231,95,217,Poste da Praga à Dansi¬ ca.,
1413,locations,231,95,217,"Praga doppia Cit¬ tà, ove passa la multava fiume a Brandiz a Viszwasen a Nimus a Babel a Scijda a Berlitz a Numburg Città à Bruztel a Wolferderff a Grogau Città a Frustat",
1415,catch,231,95,217,a Dantz¬,
1416,route-heading,232,95,217,Poste da Dansica à Na¬ umburg.,
1417,page-number,232,96,218,218,
1418,header,232,96,218,Poste Terzo.,
1419,locations,232,96,218,"a Dantzge, cioe à Dansica Città p.1*",
1420,sum-distance,232,96,218,Poste 28“,
1421,route-heading,233,96,218,Poste da Dansica à Na¬ umburg.,
1422,locations,233,96,218,Guardate quà di so¬ pra,
1424,route-heading,234,96,218,Poste da Dansica à Glo¬ gaw.,
1425,locations,234,96,218,"Guardate quà di so pra, che trovare¬ te esservi",
1427,route-heading,235,96,218,Poste da Praga à In¬ spruch.,
1428,locations,235,96,218,Praga Città a Berum a Sefragh a Maire a Recsazon a Pilsna Città a Stab e Stingan,
1430,locations,235,96,218,"a Traus a Fort, ove si passa il bosco di Bavie ra a Cam a Stolbon a Straubin a Laibelfin a Soffstorff a Lanzott a Ardigh a Surberspergh a Rosenam a Hoffstiam a Verghel a Rotembergh a Halla, e Setacoz a Inspruch Città del Tirolo",
1432,sum-distance,235,96,218,Poste 27,
1433,catch,235,96,218,Poste,
1434,page-number,235,97,219,219,
1435,header,235,97,219,Delle Poste.,
1436,route-heading,236,97,219,Poste da Praga à Ma¬ drid,
1437,locations,236,97,219,Praga Città Andate fino à Augu sta di dove sono Poi andate da Au¬ gusta à Bada di do ve sono Poi andate à Las- pergh a Varfa a Ron a Orter a Salorno a Buro a Arbegh a Moret a Paglierna a Modon Città a Pont prive a Losana; Città a Liman a Vignon a Signi,
1439,locations,236,97,219,a Cologne a San German a Nantua a Sardon a San Moris a Monloel a Lione Città Da questa Città à Madrid le havete in uno viaggio particolare,
1441,sum-distance,236,97,219,poste 186*,
1442,route-heading,237,97,219,Poste da Praga à Lione.,
1443,locations,237,97,219,Guardate quà di sopra che sono p.74,
1444,route-heading,238,97,219,Poste da Bada a Lione.,
1445,locations,238,97,219,Guardate qua di sopra che le tro¬ varete,
1446,route-heading,239,97,219,Poste d a Praga à Losana.,
1447,locations,239,97,219,Guardate quà di so¬ pra.,
1448,route-heading,240,97,219,Poste da Praga à Bada.,
1449,locations,240,97,219,Guardate quà di so¬ pra,
1451,catch,240,97,219,Poste,
1452,page-number,240,98,220,220,
1453,header,240,98,220,Libro Terzo.,
1454,route-heading,241,98,220,Poste da Praga à Bruse¬ les,
1455,locations,241,98,220,Praga Città Andarete ad Augu sta Poi a Urbach a Spach a Gembugh a Ellinghen a Eberstat a Altestat a Heberspach a Terrauch a Constat a Niztinghen a Chentlinghen a Brusel a Reijnausen Città Qui si passa il Rhe no & è appresso à Spira Città mez za legha a Mulath a Robeu,
1457,locations,241,98,220,"a Namobres a Beltain, ò Vilstat a Iquiler a Vistbeller Qui si passa il mo¬ sel fiume a Perusber ò Ritz¬ fel a Natam a Arzfel a Selcorne a Berei a Flamisola a Lougurere a Zovi a Tutinem a Namur Città ove si passa la Mossa fiume a Giubelu a Vaver a Bruseles Città del la Fiandra a Liser, ò Tusuiler",
1459,sum-distance,241,98,220,Poste 57,
1460,catch,241,98,220,Poste,
1461,header,241,99,221,Delle Poste. 221,
1462,route-heading,242,99,221,Poste da Bruseles à Au¬ gusta.,
1463,locations,242,99,221,Guardate quà so¬ pra sono,
1465,route-heading,243,99,221,Poste da Augusta à Reij¬ nausen.,
1466,locations,243,99,221,Guardate in detto viaggio Poste da Praga à Paris. Da Praga andate ad Augusta D'Augusta a Nansi di Lorena Da Nansi a Paris,
1468,sum-distance,243,99,221,Poste 66,
1469,route-heading,244,99,221,Poste da Praga à Madrid per Paris.,
1470,locations,244,99,221,"Pigliate il sudetto camino, che sono fino a Paris Poi guardate che trovarete il viag gio da Madrid à",
1472,locations,244,99,221,"Paris, che ono p.125",
1473,sum-distance,244,99,221,Poste 191,
1474,route-heading,245,99,221,Poste da Linz à Vienna.,
1475,locations,245,99,221,Linz a Emes Città a Strenburg a Ipse Città a Molet a San Poltin Città a Dulln Città a Marbach in V¬ vald a Vienna Città,
1477,sum-distance,245,99,221,Poste 10,
1478,route-heading,246,99,221,Poste da Dansica à Ste¬ ting nella Pomera¬ nia.,
1479,locations,246,99,221,Dansica Città a Lauerburg a Stolsa a Scalag a Zanaw,
1481,catch,246,99,221,a Ris¬,
1482,header,246,100,222,Libro Terzo.,
1483,locations,246,100,222,222 a Riszling a Platea a Holnew a Hangard a Steting Citta,
1485,sum-distance,246,100,222,Poste 29,
1486,route-heading,247,100,222,Poste da Salzburgo à In¬ spruch fuori delle Poste,
1487,locations,247,100,222,Salzburgo Città a Retchenhail Cit¬ tà a San Giovanni a Elma a Runteln Città a Squartz Città a Hal a Inspruch Città,
1489,sum-distance,247,100,222,poste 12*,
1490,route-heading,248,100,222,Poste d'Inspruch a Squartz.,
1491,locations,248,100,222,Guardate nel su¬ detto viaggio Poste da Inspruch à Salz¬ burge per le poste. Salzburgo Città a Surneltrait a Estembach a Helbergh a Gandel a Sitaz a Inspruch Città,
1493,sum-distance,248,100,222,Poste 9,
1494,route-heading,249,100,222,Poste da Costanza à In¬ spruch.,
1495,locations,249,100,222,Costanza Città a Mardorff Città a Rauspurgh Cit¬ tà a Vangen Città a Evzna Città a Remprem Città a Friesen Città,
1496,distances,249,100,222,p.1 p.1 p.1 p.1 p.1 p.1 a Na¬,Type error